onetsoc_code,cip_code,match_strength,qualifier,note
11-1011.00,52.0201,0.98,"Business Administration Major, B.S.","seeded from ""Business Administration""; CIP shared"
11-1011.00,52.0201,0.98,"Management Major, B.S.","seeded from ""Management""; CIP shared"
11-1011.00,52.0701,0.88,,"seeded from ""Entrepreneurship"""
11-1011.03,03.0103,0.98,,"seeded from ""Environmental Sustainability"""
11-1011.03,14.1401,0.77,,"seeded from ""Environmental Engineering"""
11-1011.03,52.0201,0.77,"Business Administration Major, B.S.","seeded from ""Business Administration""; CIP shared"
11-1021.00,52.0201,0.91,"Business Administration Major, B.S.","seeded from ""Business Administration""; CIP shared"
11-1021.00,52.0201,0.98,"Management Major, B.S.","seeded from ""Management""; CIP shared"
11-1021.00,52.1001,0.89,,"seeded from ""Human Resource Management"""
11-1031.00,45.1001,0.95,,"seeded from ""Political Science"""
11-2011.00,23.1304,0.70,,"seeded from ""Communication Studies"""
11-2011.00,52.0201,0.72,"Business Administration Major, B.S.","seeded from ""Business Administration""; CIP shared"
11-2011.00,52.1399,0.80,,"seeded from ""Business Intelligence"""
11-2011.00,52.1401,0.96,,"seeded from ""Marketing"""
11-2021.00,23.1304,0.70,,"seeded from ""Communication Studies"""
11-2021.00,52.0201,0.72,"Business Administration Major, B.S.","seeded from ""Business Administration""; CIP shared"
11-2021.00,52.1399,0.80,,"seeded from ""Business Intelligence"""
11-2021.00,52.1401,0.96,,"seeded from ""Marketing"""
11-2022.00,52.0201,0.90,"Business Administration Major, B.S.","seeded from ""Business Administration""; CIP shared"
11-2022.00,52.0201,0.90,"Management Major, B.S.","seeded from ""Management""; CIP shared"
11-2022.00,52.0299,0.82,"Operations Management Major, B.S.","seeded from ""Operations Management""; CIP shared"
11-2022.00,52.0701,0.91,,"seeded from ""Entrepreneurship"""
11-2022.00,52.1804,0.98,,"seeded from ""Professional Selling"""
11-2032.00,09.0900,0.98,,"seeded from ""Public Relations"""
11-2032.00,50.0702,0.62,,"seeded from ""Art"""
11-2032.00,50.0703,0.62,,"seeded from ""Art History, Theory, and Criticism"""
11-2033.00,52.0201,0.98,"Business Administration Major, B.S.","seeded from ""Business Administration""; CIP shared"
11-2033.00,52.0201,0.98,"Management Major, B.S.","seeded from ""Management""; CIP shared"
11-2033.00,52.0299,0.80,"Operations Management Major, B.S.","seeded from ""Operations Management""; CIP shared"
11-3012.00,52.0201,0.98,"Business Administration Major, B.S.","seeded from ""Business Administration""; CIP shared"
11-3012.00,52.0201,0.92,"Management Major, B.S.","seeded from ""Management""; CIP shared"
11-3012.00,52.0299,0.80,"Operations Management Major, B.S.","seeded from ""Operations Management""; CIP shared"
11-3013.00,52.0201,0.98,"Business Administration Major, B.S.","seeded from ""Business Administration""; CIP shared"
11-3013.00,52.0201,0.91,"Management Major, B.S.","seeded from ""Management""; CIP shared"
11-3013.00,52.0299,0.91,"Operations Management Major, B.S.","seeded from ""Operations Management""; CIP shared"
11-3013.01,11.1003,0.98,"Computer Security Major, B.S.","seeded from ""Computer Security""; CIP shared"
11-3013.01,52.0201,0.98,"Business Administration Major, B.S.","seeded from ""Business Administration""; CIP shared"
11-3013.01,52.0201,0.98,"Management Major, B.S.","seeded from ""Management""; CIP shared"
11-3013.01,52.0299,0.80,"Operations Management Major, B.S.","seeded from ""Operations Management""; CIP shared"
11-3021.00,51.2706,0.89,,"seeded from ""Health Care Information Systems Major"""
11-3021.00,52.1201,0.98,,"seeded from ""Computer Information Systems"""
11-3021.00,52.1399,0.84,,"seeded from ""Business Intelligence"""
11-3031.00,52.0201,0.94,"Business Administration Major, B.S.","seeded from ""Business Administration""; CIP shared"
11-3031.00,52.0201,0.94,"Management Major, B.S.","seeded from ""Management""; CIP shared"
11-3031.00,52.0299,0.85,"Operations Management Major, B.S.","seeded from ""Operations Management""; CIP shared"
11-3031.00,52.0301,0.90,,"seeded from ""Accounting"""
11-3031.00,52.0801,0.98,,"seeded from ""Finance"""
11-3031.01,52.0301,0.65,,"seeded from ""Accounting"""
11-3031.01,52.0801,0.98,,"seeded from ""Finance"""
11-3031.03,52.0201,0.98,"Business Administration Major, B.S.","seeded from ""Business Administration""; CIP shared"
11-3031.03,52.0201,0.91,"Management Major, B.S.","seeded from ""Management""; CIP shared"
11-3031.03,52.0299,0.91,"Operations Management Major, B.S.","seeded from ""Operations Management""; CIP shared"
11-3051.00,15.0613,0.93,"Advanced Manufacturing Operations Major, B.S.","seeded from ""Advanced Manufacturing Operations""; CIP shared"
11-3051.00,15.0613,0.98,"Advanced Manufacturing Sciences Major, B.S.","seeded from ""Advanced Manufacturing Sciences""; CIP shared"
11-3051.00,50.0404,0.85,,"seeded from ""Industrial Design"""
11-3051.01,26.0101,0.76,,"seeded from ""Biology"""
11-3051.01,30.1901,0.76,"Nutrition Science Major, B.S.","seeded from ""Nutrition Science""; CIP shared"
11-3051.01,40.0501,0.98,,"seeded from ""Chemistry"""
11-3051.02,52.0201,0.98,"Business Administration Major, B.S.","seeded from ""Business Administration""; CIP shared"
11-3051.02,52.0201,0.91,"Management Major, B.S.","seeded from ""Management""; CIP shared"
11-3051.02,52.0299,0.91,"Operations Management Major, B.S.","seeded from ""Operations Management""; CIP shared"
11-3051.03,09.0702,0.91,,"seeded from ""Media Production and Leadership"""
11-3051.03,10.0105,0.98,,"seeded from ""Video Production"""
11-3051.03,52.0201,0.98,"Business Administration Major, B.S.","seeded from ""Business Administration""; CIP shared"
11-3051.03,52.0201,0.91,"Management Major, B.S.","seeded from ""Management""; CIP shared"
11-3051.03,52.0299,0.91,"Operations Management Major, B.S.","seeded from ""Operations Management""; CIP shared"
11-3051.04,52.0201,0.98,"Business Administration Major, B.S.","seeded from ""Business Administration""; CIP shared"
11-3051.04,52.0201,0.91,"Management Major, B.S.","seeded from ""Management""; CIP shared"
11-3051.04,52.0299,0.91,"Operations Management Major, B.S.","seeded from ""Operations Management""; CIP shared"
11-3051.06,52.0201,0.98,"Business Administration Major, B.S.","seeded from ""Business Administration""; CIP shared"
11-3051.06,52.0201,0.91,"Management Major, B.S.","seeded from ""Management""; CIP shared"
11-3051.06,52.0299,0.91,"Operations Management Major, B.S.","seeded from ""Operations Management""; CIP shared"
11-3061.00,52.0201,0.98,"Business Administration Major, B.S.","seeded from ""Business Administration""; CIP shared"
11-3061.00,52.0201,0.98,"Management Major, B.S.","seeded from ""Management""; CIP shared"
11-3061.00,52.0299,0.80,"Operations Management Major, B.S.","seeded from ""Operations Management""; CIP shared"
11-3071.00,45.1001,0.93,,"seeded from ""Political Science"""
11-3071.00,52.0201,0.98,"Business Administration Major, B.S.","seeded from ""Business Administration""; CIP shared"
11-3071.00,52.0201,0.80,"International Business Major, B.S.","seeded from ""International Business""; CIP shared"
11-3071.00,52.0201,0.98,"Management Major, B.S.","seeded from ""Management""; CIP shared"
11-3071.00,52.0299,0.98,"Operations Management Major, B.S.","seeded from ""Operations Management""; CIP shared"
11-3071.04,52.0201,0.87,"Business Administration Major, B.S.","seeded from ""Business Administration""; CIP shared"
11-3071.04,52.0201,0.87,"Management Major, B.S.","seeded from ""Management""; CIP shared"
11-3071.04,52.0299,0.98,"Operations Management Major, B.S.","seeded from ""Operations Management""; CIP shared"
11-3111.00,52.0201,0.98,"Business Administration Major, B.S.","seeded from ""Business Administration""; CIP shared"
11-3111.00,52.0201,0.98,"Management Major, B.S.","seeded from ""Management""; CIP shared"
11-3111.00,52.0299,0.80,"Operations Management Major, B.S.","seeded from ""Operations Management""; CIP shared"
11-3121.00,52.0201,0.80,"Business Administration Major, B.S.","seeded from ""Business Administration""; CIP shared"
11-3121.00,52.0201,0.80,"Management Major, B.S.","seeded from ""Management""; CIP shared"
11-3121.00,52.1001,0.98,,"seeded from ""Human Resource Management"""
11-3131.00,42.2703,0.91,,"seeded from ""Human Development and Family Studies"""
11-3131.00,52.0201,0.91,"Business Administration Major, B.S.","seeded from ""Business Administration""; CIP shared"
11-3131.00,52.0201,0.91,"Management Major, B.S.","seeded from ""Management""; CIP shared"
11-3131.00,52.0299,0.77,"Operations Management Major, B.S.","seeded from ""Operations Management""; CIP shared"
11-3131.00,52.1001,0.98,,"seeded from ""Human Resource Management"""
11-9013.00,52.0201,0.98,"Business Administration Major, B.S.","seeded from ""Business Administration""; CIP shared"
11-9013.00,52.0201,0.92,"Management Major, B.S.","seeded from ""Management""; CIP shared"
11-9013.00,52.0299,0.87,"Operations Management Major, B.S.","seeded from ""Operations Management""; CIP shared"
11-9013.00,52.1401,0.84,,"seeded from ""Marketing"""
11-9021.00,15.0201,0.72,,"seeded from ""Civil Engineering Technology"""
11-9021.00,15.0613,0.62,"Advanced Manufacturing Operations Major, B.S.","seeded from ""Advanced Manufacturing Operations""; CIP shared"
11-9021.00,52.2001,0.98,,"seeded from ""Construction Project Management"""
11-9031.00,13.1001,0.70,,"seeded from ""Special Education"""
11-9031.00,13.1210,0.98,,"seeded from ""Early Childhood Education"""
11-9031.00,42.2703,0.82,,"seeded from ""Human Development and Family Studies"""
11-9032.00,13.1001,0.87,,"seeded from ""Special Education"""
11-9032.00,13.1210,0.98,,"seeded from ""Early Childhood Education"""
11-9032.00,13.1302,0.92,,"seeded from ""Art Education"""
11-9032.00,13.1312,0.87,,"seeded from ""Music Education"""
11-9032.00,13.1314,0.87,,"seeded from ""K-12 Physical Education"""
11-9033.00,13.1001,0.91,,"seeded from ""Special Education"""
11-9033.00,13.1210,0.98,,"seeded from ""Early Childhood Education"""
11-9033.00,13.1302,0.98,,"seeded from ""Art Education"""
11-9033.00,13.1312,0.91,,"seeded from ""Music Education"""
11-9033.00,13.1314,0.91,,"seeded from ""K-12 Physical Education"""
11-9039.00,13.1001,0.91,,"seeded from ""Special Education"""
11-9039.00,13.1210,0.98,,"seeded from ""Early Childhood Education"""
11-9039.00,13.1302,0.98,,"seeded from ""Art Education"""
11-9039.00,13.1312,0.91,,"seeded from ""Music Education"""
11-9039.00,13.1314,0.91,,"seeded from ""K-12 Physical Education"""
11-9041.00,14.0901,0.98,,"seeded from ""Computer Engineering"""
11-9041.00,14.1001,0.98,,"seeded from ""Electrical Engineering"""
11-9041.00,14.1401,0.98,,"seeded from ""Environmental Engineering"""
11-9041.00,15.0201,0.98,,"seeded from ""Civil Engineering Technology"""
11-9041.00,15.0805,0.98,,"seeded from ""Mechanical Engineering Technology"""
11-9041.00,40.0601,0.78,,"seeded from ""Applied Geology"""
11-9041.01,03.0104,0.89,,"seeded from ""Environmental Science"""
11-9041.01,26.0101,0.89,,"seeded from ""Biology"""
11-9041.01,26.0202,0.89,,"seeded from ""Biochemistry"""
11-9041.01,30.7001,0.89,,"seeded from ""Data Science and Machine Learning"""
11-9041.01,40.0501,0.89,,"seeded from ""Chemistry"""
11-9041.01,40.0601,0.89,,"seeded from ""Applied Geology"""
11-9051.00,52.0201,0.96,"Business Administration Major, B.S.","seeded from ""Business Administration""; CIP shared"
11-9051.00,52.0201,0.96,"Management Major, B.S.","seeded from ""Management""; CIP shared"
11-9051.00,52.0299,0.79,"Brewery Operations Major, B.S.","seeded from ""Brewery Operations""; CIP shared"
11-9051.00,52.0901,0.98,,"seeded from ""Hospitality Leadership"""
11-9071.00,52.0201,0.98,"Business Administration Major, B.S.","seeded from ""Business Administration""; CIP shared"
11-9071.00,52.0201,0.91,"Management Major, B.S.","seeded from ""Management""; CIP shared"
11-9071.00,52.0299,0.91,"Operations Management Major, B.S.","seeded from ""Operations Management""; CIP shared"
11-9072.00,52.0201,0.98,"Business Administration Major, B.S.","seeded from ""Business Administration""; CIP shared"
11-9072.00,52.0201,0.91,"Management Major, B.S.","seeded from ""Management""; CIP shared"
11-9072.00,52.0299,0.91,"Operations Management Major, B.S.","seeded from ""Operations Management""; CIP shared"
11-9081.00,52.0201,0.98,"Business Administration Major, B.S.","seeded from ""Business Administration""; CIP shared"
11-9081.00,52.0201,0.98,"Management Major, B.S.","seeded from ""Management""; CIP shared"
11-9081.00,52.0901,0.80,,"seeded from ""Hospitality Leadership"""
11-9081.00,52.0904,0.80,,"seeded from ""Hotel Management"""
11-9111.00,51.0701,0.84,"Aging Services Leadership Major, B.S.","seeded from ""Aging Services Leadership""; CIP shared"
11-9111.00,51.0701,0.98,"Health Care Management Major, B.S.","seeded from ""Health Care Management""; CIP shared"
11-9111.00,51.2201,0.96,,"seeded from ""Public Health"""
11-9111.00,51.2706,0.85,,"seeded from ""Health Care Information Systems Major"""
11-9111.00,51.3399,0.89,,"resolved from ""Integrative Health Care"""
11-9121.00,03.0104,0.98,,"seeded from ""Environmental Science"""
11-9121.00,27.0101,0.79,,"seeded from ""Mathematics"""
11-9121.00,27.0501,0.79,,"seeded from ""Statistical Science"""
11-9121.01,26.0101,0.90,,"seeded from ""Biology"""
11-9121.01,26.0202,0.90,,"seeded from ""Biochemistry"""
11-9121.01,40.0501,0.90,,"seeded from ""Chemistry"""
11-9121.02,14.1401,0.94,,"seeded from ""Environmental Engineering"""
11-9121.02,40.0601,0.72,,"seeded from ""Applied Geology"""
11-9121.02,50.0404,0.94,,"seeded from ""Industrial Design"""
11-9131.00,52.0201,0.98,"Business Administration Major, B.S.","seeded from ""Business Administration""; CIP shared"
11-9131.00,52.0201,0.83,"Management Major, B.S.","seeded from ""Management""; CIP shared"
11-9131.00,52.0301,0.68,,"seeded from ""Accounting"""
11-9141.00,52.0201,0.77,"Business Administration Major, B.S.","seeded from ""Business Administration""; CIP shared"
11-9141.00,52.0201,0.77,"Management Major, B.S.","seeded from ""Management""; CIP shared"
11-9141.00,52.1501,0.98,,"seeded from ""Real Estate"""
11-9151.00,42.2799,0.78,,"seeded from ""Psychology Major"""
11-9151.00,44.0000,0.82,,"seeded from ""Human Services"""
11-9151.00,44.0701,0.98,,"seeded from ""Social Work"""
11-9161.00,43.0104,0.68,,"seeded from ""Criminal Justice and Criminology"""
11-9161.00,43.0202,0.96,,"seeded from ""Fire and Emergency Response Administration"""
11-9161.00,51.2201,0.70,,"seeded from ""Public Health"""
11-9171.00,52.0201,0.98,"Business Administration Major, B.S.","seeded from ""Business Administration""; CIP shared"
11-9171.00,52.0201,0.98,"Management Major, B.S.","seeded from ""Management""; CIP shared"
11-9171.00,52.0299,0.80,"Operations Management Major, B.S.","seeded from ""Operations Management""; CIP shared"
11-9179.00,52.0201,0.98,"Business Administration Major, B.S.","seeded from ""Business Administration""; CIP shared"
11-9179.00,52.0201,0.98,"Management Major, B.S.","seeded from ""Management""; CIP shared"
11-9179.00,52.0299,0.80,"Operations Management Major, B.S.","seeded from ""Operations Management""; CIP shared"
11-9179.01,31.0505,0.76,,"seeded from ""Exercise Science"""
11-9179.01,51.2201,0.98,,"seeded from ""Public Health"""
11-9179.01,51.3399,0.86,,"resolved from ""Integrative Health Care"""
11-9179.02,52.0201,0.98,"Business Administration Major, B.S.","seeded from ""Business Administration""; CIP shared"
11-9179.02,52.0201,0.98,"Management Major, B.S.","seeded from ""Management""; CIP shared"
11-9179.02,52.0299,0.87,"Operations Management Major, B.S.","seeded from ""Operations Management""; CIP shared"
11-9179.02,52.0801,0.80,,"seeded from ""Finance"""
11-9199.00,52.0201,0.98,"Business Administration Major, B.S.","seeded from ""Business Administration""; CIP shared"
11-9199.00,52.0201,0.98,"Management Major, B.S.","seeded from ""Management""; CIP shared"
11-9199.00,52.0299,0.80,"Operations Management Major, B.S.","seeded from ""Operations Management""; CIP shared"
11-9199.01,10.0105,0.89,,"seeded from ""Video Production"""
11-9199.01,52.0201,0.98,"Business Administration Major, B.S.","seeded from ""Business Administration""; CIP shared"
11-9199.01,52.0201,0.98,"Management Major, B.S.","seeded from ""Management""; CIP shared"
11-9199.01,52.0299,0.80,"Operations Management Major, B.S.","seeded from ""Operations Management""; CIP shared"
11-9199.02,52.0201,0.98,"Business Administration Major, B.S.","seeded from ""Business Administration""; CIP shared"
11-9199.02,52.0201,0.98,"Management Major, B.S.","seeded from ""Management""; CIP shared"
11-9199.02,52.0299,0.80,"Operations Management Major, B.S.","seeded from ""Operations Management""; CIP shared"
11-9199.08,52.0201,0.98,"Business Administration Major, B.S.","seeded from ""Business Administration""; CIP shared"
11-9199.08,52.0201,0.98,"Management Major, B.S.","seeded from ""Management""; CIP shared"
11-9199.08,52.0299,0.80,"Operations Management Major, B.S.","seeded from ""Operations Management""; CIP shared"
11-9199.09,52.0201,0.89,"Business Administration Major, B.S.","seeded from ""Business Administration""; CIP shared"
11-9199.09,52.0201,0.98,"Management Major, B.S.","seeded from ""Management""; CIP shared"
11-9199.09,52.0299,0.84,"Operations Management Major, B.S.","seeded from ""Operations Management""; CIP shared"
11-9199.10,03.0103,0.88,,"seeded from ""Environmental Sustainability"""
11-9199.10,03.0104,0.88,,"seeded from ""Environmental Science"""
11-9199.10,14.1401,0.88,,"seeded from ""Environmental Engineering"""
11-9199.10,52.0201,0.98,"Business Administration Major, B.S.","seeded from ""Business Administration""; CIP shared"
11-9199.10,52.0201,0.87,"Management Major, B.S.","seeded from ""Management""; CIP shared"
11-9199.10,52.2001,0.84,,"seeded from ""Construction Project Management"""
11-9199.11,13.1001,0.80,,"seeded from ""Special Education"""
11-9199.11,52.0201,0.98,"Business Administration Major, B.S.","seeded from ""Business Administration""; CIP shared"
11-9199.11,52.0201,0.98,"Management Major, B.S.","seeded from ""Management""; CIP shared"
11-9199.11,52.0299,0.80,"Operations Management Major, B.S.","seeded from ""Operations Management""; CIP shared"
13-1011.00,52.0201,0.98,"Business Administration Major, B.S.","seeded from ""Business Administration""; CIP shared"
13-1011.00,52.0201,0.87,"International Business Major, B.S.","seeded from ""International Business""; CIP shared"
13-1011.00,52.0201,0.83,"Management Major, B.S.","seeded from ""Management""; CIP shared"
13-1011.00,52.1399,0.83,,"seeded from ""Business Intelligence"""
13-1021.00,52.1501,0.90,,"seeded from ""Real Estate"""
13-1021.00,52.2001,0.90,,"seeded from ""Construction Project Management"""
13-1022.00,52.0299,0.83,"Operations Management Major, B.S.","seeded from ""Operations Management""; CIP shared"
13-1022.00,52.0907,0.98,,"seeded from ""Event and Meeting Management"""
13-1022.00,52.1401,0.83,,"seeded from ""Marketing"""
13-1022.00,52.1804,0.98,,"seeded from ""Professional Selling"""
13-1023.00,15.0613,0.90,"Advanced Manufacturing Operations Major, B.S.","seeded from ""Advanced Manufacturing Operations""; CIP shared"
13-1023.00,15.0613,0.98,"Advanced Manufacturing Sciences Major, B.S.","seeded from ""Advanced Manufacturing Sciences""; CIP shared"
13-1023.00,15.0805,0.90,,"seeded from ""Mechanical Engineering Technology"""
13-1023.00,40.0801,0.78,,"seeded from ""Physics"""
13-1031.00,52.0301,0.72,,"seeded from ""Accounting"""
13-1031.00,52.0801,0.94,,"seeded from ""Finance"""
13-1032.00,52.0301,0.72,,"seeded from ""Accounting"""
13-1032.00,52.0801,0.94,,"seeded from ""Finance"""
13-1032.00,52.1501,0.94,,"seeded from ""Real Estate"""
13-1041.00,45.1001,0.90,,"seeded from ""Political Science"""
13-1041.01,03.0103,0.87,,"seeded from ""Environmental Sustainability"""
13-1041.01,03.0104,0.87,,"seeded from ""Environmental Science"""
13-1041.01,14.1401,0.98,,"seeded from ""Environmental Engineering"""
13-1041.03,13.1001,0.90,,"seeded from ""Special Education"""
13-1041.03,45.1001,0.90,,"seeded from ""Political Science"""
13-1041.04,43.0104,0.72,,"seeded from ""Criminal Justice and Criminology"""
13-1041.04,43.0202,0.72,,"seeded from ""Fire and Emergency Response Administration"""
13-1041.04,45.1001,0.94,,"seeded from ""Political Science"""
13-1041.06,38.0101,0.90,,"seeded from ""Philosophy"""
13-1041.07,13.1001,0.93,,"seeded from ""Special Education"""
13-1041.07,15.0613,0.80,"Advanced Manufacturing Sciences Major, B.S.","seeded from ""Advanced Manufacturing Sciences""; CIP shared"
13-1041.07,40.0801,0.80,,"seeded from ""Physics"""
13-1041.07,52.0301,0.80,,"seeded from ""Accounting"""
13-1041.08,14.1001,0.75,,"seeded from ""Electrical Engineering"""
13-1041.08,15.0613,0.75,"Advanced Manufacturing Sciences Major, B.S.","seeded from ""Advanced Manufacturing Sciences""; CIP shared"
13-1041.08,45.1001,0.75,,"seeded from ""Political Science"""
13-1041.08,52.0201,0.95,"International Business Major, B.S.","seeded from ""International Business""; CIP shared"
13-1041.08,52.0907,0.95,,"seeded from ""Event and Meeting Management"""
13-1041.08,52.1501,0.75,,"seeded from ""Real Estate"""
13-1051.00,15.0613,0.83,"Advanced Manufacturing Operations Major, B.S.","seeded from ""Advanced Manufacturing Operations""; CIP shared"
13-1051.00,15.0613,0.83,"Advanced Manufacturing Sciences Major, B.S.","seeded from ""Advanced Manufacturing Sciences""; CIP shared"
13-1051.00,52.2001,0.98,,"seeded from ""Construction Project Management"""
13-1071.00,52.0301,0.62,,"seeded from ""Accounting"""
13-1071.00,52.1001,0.98,,"seeded from ""Human Resource Management"""
13-1074.00,52.2001,0.90,,"seeded from ""Construction Project Management"""
13-1075.00,09.0900,0.94,,"seeded from ""Public Relations"""
13-1075.00,13.1001,0.79,,"seeded from ""Special Education"""
13-1075.00,52.1001,0.98,,"seeded from ""Human Resource Management"""
13-1081.00,52.1001,0.90,,"seeded from ""Human Resource Management"""
13-1081.01,14.0901,0.83,,"seeded from ""Computer Engineering"""
13-1081.01,50.0404,0.83,,"seeded from ""Industrial Design"""
13-1081.01,51.2706,0.83,,"seeded from ""Health Care Information Systems Major"""
13-1081.01,52.0201,0.83,"Business Administration Major, B.S.","seeded from ""Business Administration""; CIP shared"
13-1081.01,52.0201,0.83,"International Business Major, B.S.","seeded from ""International Business""; CIP shared"
13-1081.01,52.1201,0.98,,"seeded from ""Computer Information Systems"""
13-1081.02,52.0201,0.76,"International Business Major, B.S.","seeded from ""International Business""; CIP shared"
13-1081.02,52.0299,0.98,"Operations Management Major, B.S.","seeded from ""Operations Management""; CIP shared"
13-1081.02,52.0301,0.64,,"seeded from ""Accounting"""
13-1082.00,52.0201,0.98,"Business Administration Major, B.S.","seeded from ""Business Administration""; CIP shared"
13-1082.00,52.0201,0.98,"Management Major, B.S.","seeded from ""Management""; CIP shared"
13-1082.00,52.0299,0.87,"Operations Management Major, B.S.","seeded from ""Operations Management""; CIP shared"
13-1082.00,52.0301,0.80,,"seeded from ""Accounting"""
13-1082.00,52.0801,0.80,,"seeded from ""Finance"""
13-1111.00,52.0201,0.98,"Business Administration Major, B.S.","seeded from ""Business Administration""; CIP shared"
13-1111.00,52.0201,0.91,"Management Major, B.S.","seeded from ""Management""; CIP shared"
13-1111.00,52.0299,0.91,"Operations Management Major, B.S.","seeded from ""Operations Management""; CIP shared"
13-1121.00,52.0201,0.61,"Business Administration Major, B.S.","seeded from ""Business Administration""; CIP shared"
13-1121.00,52.0299,0.61,"Brewery Operations Major, B.S.","seeded from ""Brewery Operations""; CIP shared"
13-1121.00,52.0907,0.98,,"seeded from ""Event and Meeting Management"""
13-1131.00,50.0404,0.94,,"seeded from ""Industrial Design"""
13-1131.00,52.0301,0.72,,"seeded from ""Accounting"""
13-1131.00,52.0801,0.94,,"seeded from ""Finance"""
13-1141.00,13.1001,0.93,,"seeded from ""Special Education"""
13-1141.00,52.1001,0.80,,"seeded from ""Human Resource Management"""
13-1151.00,50.0404,0.94,,"seeded from ""Industrial Design"""
13-1151.00,50.0702,0.72,,"seeded from ""Art"""
13-1151.00,50.0703,0.72,,"seeded from ""Art History, Theory, and Criticism"""
13-1161.00,23.1304,0.70,,"seeded from ""Communication Studies"""
13-1161.00,52.0201,0.72,"Business Administration Major, B.S.","seeded from ""Business Administration""; CIP shared"
13-1161.00,52.1399,0.80,,"seeded from ""Business Intelligence"""
13-1161.00,52.1401,0.96,,"seeded from ""Marketing"""
13-1161.01,52.0301,0.65,,"seeded from ""Accounting"""
13-1161.01,52.1399,0.77,,"seeded from ""Business Intelligence"""
13-1161.01,52.1401,0.98,,"seeded from ""Marketing"""
13-1199.00,52.0201,0.98,"Business Administration Major, B.S.","seeded from ""Business Administration""; CIP shared"
13-1199.00,52.0201,0.92,"International Business Major, B.S.","seeded from ""International Business""; CIP shared"
13-1199.00,52.1399,0.87,,"seeded from ""Business Intelligence"""
13-1199.04,52.0201,0.98,"Business Administration Major, B.S.","seeded from ""Business Administration""; CIP shared"
13-1199.04,52.0201,0.93,"International Business Major, B.S.","seeded from ""International Business""; CIP shared"
13-1199.04,52.0907,0.95,,"seeded from ""Event and Meeting Management"""
13-1199.04,52.1399,0.87,,"seeded from ""Business Intelligence"""
13-1199.05,03.0103,0.98,,"seeded from ""Environmental Sustainability"""
13-1199.05,14.1401,0.84,,"seeded from ""Environmental Engineering"""
13-1199.05,52.0201,0.74,"Business Administration Major, B.S.","seeded from ""Business Administration""; CIP shared"
13-1199.06,52.0201,0.91,"Business Administration Major, B.S.","seeded from ""Business Administration""; CIP shared"
13-1199.06,52.0201,0.91,"International Business Major, B.S.","seeded from ""International Business""; CIP shared"
13-1199.06,52.0301,0.98,,"seeded from ""Accounting"""
13-1199.06,52.0801,0.79,,"seeded from ""Finance"""
13-1199.06,52.1399,0.79,,"seeded from ""Business Intelligence"""
13-1199.06,52.1401,0.91,,"seeded from ""Marketing"""
13-1199.07,50.0404,0.80,,"seeded from ""Industrial Design"""
13-1199.07,52.0201,0.98,"Business Administration Major, B.S.","seeded from ""Business Administration""; CIP shared"
13-1199.07,52.0201,0.98,"Management Major, B.S.","seeded from ""Management""; CIP shared"
13-1199.07,52.0299,0.87,"Operations Management Major, B.S.","seeded from ""Operations Management""; CIP shared"
13-2011.00,52.0201,0.70,"Business Administration Major, B.S.","seeded from ""Business Administration""; CIP shared"
13-2011.00,52.0301,0.98,,"seeded from ""Accounting"""
13-2011.00,52.0801,0.75,,"seeded from ""Finance"""
13-2022.00,52.0201,0.98,"Business Administration Major, B.S.","seeded from ""Business Administration""; CIP shared"
13-2022.00,52.0201,0.98,"International Business Major, B.S.","seeded from ""International Business""; CIP shared"
13-2022.00,52.1399,0.91,,"seeded from ""Business Intelligence"""
13-2022.00,52.1501,0.88,,"seeded from ""Real Estate"""
13-2023.00,52.0301,0.62,,"seeded from ""Accounting"""
13-2023.00,52.1501,0.98,,"seeded from ""Real Estate"""
13-2031.00,45.0601,0.96,,"seeded from ""Economics"""
13-2031.00,52.0301,0.98,,"seeded from ""Accounting"""
13-2031.00,52.0801,0.70,,"seeded from ""Finance"""
13-2041.00,45.0601,0.82,,"seeded from ""Economics"""
13-2041.00,52.0201,0.70,"Business Administration Major, B.S.","seeded from ""Business Administration""; CIP shared"
13-2041.00,52.0301,0.78,,"seeded from ""Accounting"""
13-2041.00,52.0801,0.96,,"seeded from ""Finance"""
13-2051.00,52.0301,0.68,,"seeded from ""Accounting"""
13-2051.00,52.0801,0.98,,"seeded from ""Finance"""
13-2051.00,52.1399,0.83,,"seeded from ""Business Intelligence"""
13-2052.00,45.0601,0.82,,"seeded from ""Economics"""
13-2052.00,52.0201,0.70,"Business Administration Major, B.S.","seeded from ""Business Administration""; CIP shared"
13-2052.00,52.0301,0.78,,"seeded from ""Accounting"""
13-2052.00,52.0801,0.96,,"seeded from ""Finance"""
13-2053.00,52.0301,0.72,,"seeded from ""Accounting"""
13-2053.00,52.0801,0.94,,"seeded from ""Finance"""
13-2054.00,45.0601,0.83,,"seeded from ""Economics"""
13-2054.00,52.0301,0.68,,"seeded from ""Accounting"""
13-2054.00,52.0801,0.98,,"seeded from ""Finance"""
13-2061.00,52.0301,0.63,,"seeded from ""Accounting"""
13-2061.00,52.0801,0.83,,"seeded from ""Finance"""
13-2061.00,52.1501,0.98,,"seeded from ""Real Estate"""
13-2071.00,52.0201,0.75,"Business Administration Major, B.S.","seeded from ""Business Administration""; CIP shared"
13-2071.00,52.0301,0.75,,"seeded from ""Accounting"""
13-2071.00,52.0801,0.98,,"seeded from ""Finance"""
13-2072.00,45.0601,0.82,,"seeded from ""Economics"""
13-2072.00,52.0201,0.70,"Business Administration Major, B.S.","seeded from ""Business Administration""; CIP shared"
13-2072.00,52.0301,0.78,,"seeded from ""Accounting"""
13-2072.00,52.0801,0.96,,"seeded from ""Finance"""
13-2081.00,52.0201,0.70,"Business Administration Major, B.S.","seeded from ""Business Administration""; CIP shared"
13-2081.00,52.0301,0.98,,"seeded from ""Accounting"""
13-2081.00,52.0801,0.75,,"seeded from ""Finance"""
13-2082.00,52.0201,0.70,"Business Administration Major, B.S.","seeded from ""Business Administration""; CIP shared"
13-2082.00,52.0301,0.98,,"seeded from ""Accounting"""
13-2082.00,52.0801,0.75,,"seeded from ""Finance"""
13-2099.00,52.0301,0.72,,"seeded from ""Accounting"""
13-2099.00,52.0801,0.94,,"seeded from ""Finance"""
13-2099.01,52.0201,0.83,"Business Administration Major, B.S.","seeded from ""Business Administration""; CIP shared"
13-2099.01,52.0201,0.83,"Management Major, B.S.","seeded from ""Management""; CIP shared"
13-2099.01,52.0801,0.98,,"seeded from ""Finance"""
13-2099.04,27.0101,0.90,,"seeded from ""Mathematics"""
15-1211.00,11.0701,0.88,,"seeded from ""Computer Science"""
15-1211.00,14.0901,0.94,,"seeded from ""Computer Engineering"""
15-1211.00,52.0201,0.82,"Business Administration Major, B.S.","seeded from ""Business Administration""; CIP shared"
15-1211.00,52.1201,0.98,,"seeded from ""Computer Information Systems"""
15-1211.01,51.0701,0.92,"Health Care Management Major, B.S.","seeded from ""Health Care Management""; CIP shared"
15-1211.01,51.2201,0.87,,"seeded from ""Public Health"""
15-1211.01,51.2706,0.98,,"seeded from ""Health Care Information Systems Major"""
15-1211.01,51.3399,0.92,,"resolved from ""Integrative Health Care"""
15-1212.00,11.0701,0.78,,"seeded from ""Computer Science"""
15-1212.00,11.1003,0.96,"Computer Security Major, B.S.","seeded from ""Computer Security""; CIP shared"
15-1212.00,11.1003,0.98,"Cybersecurity Major, B.S.","seeded from ""Cybersecurity""; CIP shared"
15-1212.00,52.1201,0.84,,"seeded from ""Computer Information Systems"""
15-1221.00,11.0701,0.84,,"seeded from ""Computer Science"""
15-1221.00,14.0901,0.98,,"seeded from ""Computer Engineering"""
15-1221.00,52.1201,0.93,,"seeded from ""Computer Information Systems"""
15-1231.00,11.0701,0.91,,"seeded from ""Computer Science"""
15-1231.00,11.1003,0.91,"Computer Security Major, B.S.","seeded from ""Computer Security""; CIP shared"
15-1231.00,14.0901,0.98,,"seeded from ""Computer Engineering"""
15-1231.00,52.1201,0.98,,"seeded from ""Computer Information Systems"""
15-1232.00,11.0701,0.84,,"seeded from ""Computer Science"""
15-1232.00,14.0901,0.98,,"seeded from ""Computer Engineering"""
15-1232.00,52.1201,0.84,,"seeded from ""Computer Information Systems"""
15-1241.00,11.0701,0.86,,"seeded from ""Computer Science"""
15-1241.00,11.1003,0.98,"Computer Security Major, B.S.","seeded from ""Computer Security""; CIP shared"
15-1241.00,11.1003,0.83,"Cybersecurity Major, B.S.","seeded from ""Cybersecurity""; CIP shared"
15-1241.00,14.0901,0.95,,"seeded from ""Computer Engineering"""
15-1241.00,52.1201,0.95,,"seeded from ""Computer Information Systems"""
15-1241.01,10.0105,0.88,,"seeded from ""Video Production"""
15-1241.01,14.0901,0.91,,"seeded from ""Computer Engineering"""
15-1241.01,14.1001,0.98,,"seeded from ""Electrical Engineering"""
15-1241.01,14.1401,0.91,,"seeded from ""Environmental Engineering"""
15-1241.01,15.0201,0.91,,"seeded from ""Civil Engineering Technology"""
15-1241.01,15.0805,0.91,,"seeded from ""Mechanical Engineering Technology"""
15-1242.00,11.1003,0.88,"Computer Security Major, B.S.","seeded from ""Computer Security""; CIP shared"
15-1242.00,52.0201,0.98,"Business Administration Major, B.S.","seeded from ""Business Administration""; CIP shared"
15-1242.00,52.0201,0.98,"Management Major, B.S.","seeded from ""Management""; CIP shared"
15-1242.00,52.0299,0.83,"Operations Management Major, B.S.","seeded from ""Operations Management""; CIP shared"
15-1242.00,52.1201,0.88,,"seeded from ""Computer Information Systems"""
15-1242.00,52.1399,0.86,,"seeded from ""Business Intelligence"""
15-1243.00,11.1003,0.79,"Computer Security Major, B.S.","seeded from ""Computer Security""; CIP shared"
15-1243.00,14.0901,0.79,,"seeded from ""Computer Engineering"""
15-1243.00,30.7001,0.79,,"seeded from ""Data Science and Machine Learning"""
15-1243.00,52.0201,0.79,"Business Administration Major, B.S.","seeded from ""Business Administration""; CIP shared"
15-1243.00,52.1201,0.91,,"seeded from ""Computer Information Systems"""
15-1243.00,52.1399,0.98,,"seeded from ""Business Intelligence"""
15-1243.01,30.7001,0.83,,"seeded from ""Data Science and Machine Learning"""
15-1243.01,50.0404,0.83,,"seeded from ""Industrial Design"""
15-1243.01,51.2706,0.98,,"seeded from ""Health Care Information Systems Major"""
15-1243.01,52.1201,0.98,,"seeded from ""Computer Information Systems"""
15-1243.01,52.1399,0.98,,"seeded from ""Business Intelligence"""
15-1244.00,11.0701,0.93,,"seeded from ""Computer Science"""
15-1244.00,11.1003,0.84,"Computer Security Major, B.S.","seeded from ""Computer Security""; CIP shared"
15-1244.00,14.0901,0.98,,"seeded from ""Computer Engineering"""
15-1244.00,52.1201,0.93,,"seeded from ""Computer Information Systems"""
15-1251.00,11.0701,0.98,,"seeded from ""Computer Science"""
15-1251.00,14.0901,0.82,,"seeded from ""Computer Engineering"""
15-1251.00,30.7001,0.76,,"seeded from ""Data Science and Machine Learning"""
15-1251.00,52.1201,0.90,,"seeded from ""Computer Information Systems"""
15-1252.00,11.0701,0.98,,"seeded from ""Computer Science"""
15-1252.00,14.0901,0.82,,"seeded from ""Computer Engineering"""
15-1252.00,30.7001,0.76,,"seeded from ""Data Science and Machine Learning"""
15-1252.00,52.1201,0.90,,"seeded from ""Computer Information Systems"""
15-1253.00,11.0701,0.98,,"seeded from ""Computer Science"""
15-1253.00,14.0901,0.82,,"seeded from ""Computer Engineering"""
15-1253.00,30.7001,0.76,,"seeded from ""Data Science and Machine Learning"""
15-1253.00,52.1201,0.90,,"seeded from ""Computer Information Systems"""
15-1254.00,11.0701,0.98,,"seeded from ""Computer Science"""
15-1254.00,14.0901,0.82,,"seeded from ""Computer Engineering"""
15-1254.00,30.7001,0.76,,"seeded from ""Data Science and Machine Learning"""
15-1254.00,52.1201,0.90,,"seeded from ""Computer Information Systems"""
15-1255.00,11.0701,0.93,,"seeded from ""Computer Science"""
15-1255.00,14.0901,0.86,,"seeded from ""Computer Engineering"""
15-1255.00,50.0401,0.98,,"seeded from ""Communication Design"""
15-1255.00,52.1201,0.93,,"seeded from ""Computer Information Systems"""
15-1255.01,09.0702,0.81,,"seeded from ""Media Production and Leadership"""
15-1255.01,10.0105,0.98,,"seeded from ""Video Production"""
15-1299.00,11.0701,0.98,,"seeded from ""Computer Science"""
15-1299.00,11.1003,0.98,"Computer Security Major, B.S.","seeded from ""Computer Security""; CIP shared"
15-1299.00,14.0901,0.98,,"seeded from ""Computer Engineering"""
15-1299.00,52.1201,0.98,,"seeded from ""Computer Information Systems"""
15-1299.01,11.0701,0.94,,"seeded from ""Computer Science"""
15-1299.01,50.0404,0.94,,"seeded from ""Industrial Design"""
15-1299.01,52.1201,0.94,,"seeded from ""Computer Information Systems"""
15-1299.02,51.2706,0.98,,"seeded from ""Health Care Information Systems Major"""
15-1299.02,52.1201,0.98,,"seeded from ""Computer Information Systems"""
15-1299.02,52.1399,0.86,,"seeded from ""Business Intelligence"""
15-1299.03,52.0201,0.98,"Business Administration Major, B.S.","seeded from ""Business Administration""; CIP shared"
15-1299.03,52.0201,0.98,"Management Major, B.S.","seeded from ""Management""; CIP shared"
15-1299.03,52.0299,0.87,"Operations Management Major, B.S.","seeded from ""Operations Management""; CIP shared"
15-1299.04,11.1003,0.83,"Computer Security Major, B.S.","seeded from ""Computer Security""; CIP shared"
15-1299.04,11.1003,0.83,"Cybersecurity Major, B.S.","seeded from ""Cybersecurity""; CIP shared"
15-1299.04,14.0901,0.83,,"seeded from ""Computer Engineering"""
15-1299.04,51.2706,0.83,,"seeded from ""Health Care Information Systems Major"""
15-1299.04,52.1201,0.98,,"seeded from ""Computer Information Systems"""
15-1299.05,11.0701,0.78,,"seeded from ""Computer Science"""
15-1299.05,11.1003,0.96,"Computer Security Major, B.S.","seeded from ""Computer Security""; CIP shared"
15-1299.05,11.1003,0.98,"Cybersecurity Major, B.S.","seeded from ""Cybersecurity""; CIP shared"
15-1299.05,52.1201,0.84,,"seeded from ""Computer Information Systems"""
15-1299.06,42.2799,0.70,,"seeded from ""Psychology Major"""
15-1299.06,43.0104,0.96,,"seeded from ""Criminal Justice and Criminology"""
15-1299.06,45.1001,0.68,,"seeded from ""Political Science"""
15-1299.07,50.0404,0.94,,"seeded from ""Industrial Design"""
15-1299.07,50.0702,0.72,,"seeded from ""Art"""
15-1299.07,50.0703,0.72,,"seeded from ""Art History, Theory, and Criticism"""
15-1299.08,11.0701,0.86,,"seeded from ""Computer Science"""
15-1299.08,11.1003,0.82,"Computer Security Major, B.S.","seeded from ""Computer Security""; CIP shared"
15-1299.08,14.0901,0.98,,"seeded from ""Computer Engineering"""
15-1299.08,52.1201,0.86,,"seeded from ""Computer Information Systems"""
15-1299.09,52.0201,0.98,"Business Administration Major, B.S.","seeded from ""Business Administration""; CIP shared"
15-1299.09,52.0201,0.84,"International Business Major, B.S.","seeded from ""International Business""; CIP shared"
15-1299.09,52.0201,0.87,"Management Major, B.S.","seeded from ""Management""; CIP shared"
15-2011.00,52.0301,0.72,,"seeded from ""Accounting"""
15-2011.00,52.0801,0.94,,"seeded from ""Finance"""
15-2011.00,52.1399,0.94,,"seeded from ""Business Intelligence"""
15-2021.00,27.0101,0.98,,"seeded from ""Mathematics"""
15-2021.00,52.0201,0.83,"Business Administration Major, B.S.","seeded from ""Business Administration""; CIP shared"
15-2021.00,52.0201,0.83,"Management Major, B.S.","seeded from ""Management""; CIP shared"
15-2031.00,14.0901,0.86,,"seeded from ""Computer Engineering"""
15-2031.00,27.0101,0.98,,"seeded from ""Mathematics"""
15-2031.00,52.0201,0.86,"Business Administration Major, B.S.","seeded from ""Business Administration""; CIP shared"
15-2031.00,52.0299,0.86,"Operations Management Major, B.S.","seeded from ""Operations Management""; CIP shared"
15-2031.00,52.1201,0.93,,"seeded from ""Computer Information Systems"""
15-2031.00,52.1399,0.85,,"seeded from ""Business Intelligence"""
15-2041.00,11.0701,0.86,,"seeded from ""Computer Science"""
15-2041.00,27.0101,0.78,,"seeded from ""Mathematics"""
15-2041.00,27.0501,0.94,,"seeded from ""Statistical Science"""
15-2041.00,30.7001,0.98,,"seeded from ""Data Science and Machine Learning"""
15-2041.00,52.1399,0.82,,"seeded from ""Business Intelligence"""
15-2041.01,11.0701,0.86,,"seeded from ""Computer Science"""
15-2041.01,27.0101,0.78,,"seeded from ""Mathematics"""
15-2041.01,27.0501,0.94,,"seeded from ""Statistical Science"""
15-2041.01,30.7001,0.98,,"seeded from ""Data Science and Machine Learning"""
15-2041.01,52.1399,0.82,,"seeded from ""Business Intelligence"""
15-2051.00,11.0701,0.86,,"seeded from ""Computer Science"""
15-2051.00,27.0101,0.78,,"seeded from ""Mathematics"""
15-2051.00,27.0501,0.94,,"seeded from ""Statistical Science"""
15-2051.00,30.7001,0.98,,"seeded from ""Data Science and Machine Learning"""
15-2051.00,52.1399,0.82,,"seeded from ""Business Intelligence"""
15-2051.01,52.0201,0.81,"Business Administration Major, B.S.","seeded from ""Business Administration""; CIP shared"
15-2051.01,52.0201,0.81,"International Business Major, B.S.","seeded from ""International Business""; CIP shared"
15-2051.01,52.1399,0.98,,"seeded from ""Business Intelligence"""
15-2051.02,51.0701,0.86,"Health Care Management Major, B.S.","seeded from ""Health Care Management""; CIP shared"
15-2051.02,51.2706,0.98,,"seeded from ""Health Care Information Systems Major"""
15-2051.02,52.0201,0.96,"Business Administration Major, B.S.","seeded from ""Business Administration""; CIP shared"
15-2051.02,52.0201,0.96,"Management Major, B.S.","seeded from ""Management""; CIP shared"
15-2051.02,52.1399,0.91,,"seeded from ""Business Intelligence"""
15-2099.00,40.0801,0.90,,"seeded from ""Physics"""
15-2099.01,26.0101,0.92,,"seeded from ""Biology"""
15-2099.01,26.0202,0.98,,"seeded from ""Biochemistry"""
15-2099.01,51.2706,0.97,,"seeded from ""Health Care Information Systems Major"""
15-2099.01,52.1201,0.92,,"seeded from ""Computer Information Systems"""
15-2099.01,52.1399,0.86,,"seeded from ""Business Intelligence"""
17-1011.00,50.0404,0.94,,"seeded from ""Industrial Design"""
17-1011.00,50.0702,0.72,,"seeded from ""Art"""
17-1011.00,50.0703,0.72,,"seeded from ""Art History, Theory, and Criticism"""
17-1012.00,15.0613,0.79,"Advanced Manufacturing Operations Major, B.S.","seeded from ""Advanced Manufacturing Operations""; CIP shared"
17-1012.00,15.0613,0.79,"Advanced Manufacturing Sciences Major, B.S.","seeded from ""Advanced Manufacturing Sciences""; CIP shared"
17-1012.00,50.0404,0.98,,"seeded from ""Industrial Design"""
17-1021.00,38.0101,0.78,,"seeded from ""Philosophy"""
17-1021.00,44.0701,0.90,,"seeded from ""Social Work"""
17-1021.00,45.0701,0.98,,"seeded from ""Geography"""
17-1021.00,45.1001,0.90,,"seeded from ""Political Science"""
17-1021.00,50.0401,0.96,,"seeded from ""Communication Design"""
17-1021.00,50.0404,0.78,,"seeded from ""Industrial Design"""
17-1022.00,14.1401,0.72,,"seeded from ""Environmental Engineering"""
17-1022.00,15.0201,0.94,,"seeded from ""Civil Engineering Technology"""
17-1022.00,52.2001,0.80,,"seeded from ""Construction Project Management"""
17-1022.01,14.1401,0.72,,"seeded from ""Environmental Engineering"""
17-1022.01,15.0201,0.94,,"seeded from ""Civil Engineering Technology"""
17-1022.01,52.2001,0.80,,"seeded from ""Construction Project Management"""
17-2011.00,29.0402,0.98,,"seeded from ""Aerospace Systems and Mission Design"""
17-2021.00,03.0103,0.90,,"seeded from ""Environmental Sustainability"""
17-2021.00,03.0104,0.90,,"seeded from ""Environmental Science"""
17-2021.00,14.1001,0.91,,"seeded from ""Electrical Engineering"""
17-2021.00,14.1401,0.98,,"seeded from ""Environmental Engineering"""
17-2021.00,15.0805,0.91,,"seeded from ""Mechanical Engineering Technology"""
17-2021.00,26.0101,0.90,,"seeded from ""Biology"""
17-2031.00,26.0101,0.83,,"seeded from ""Biology"""
17-2031.00,51.2706,0.98,,"seeded from ""Health Care Information Systems Major"""
17-2031.00,51.3399,0.83,,"resolved from ""Integrative Health Care"""
17-2031.00,52.1201,0.91,,"seeded from ""Computer Information Systems"""
17-2031.00,52.1399,0.86,,"seeded from ""Business Intelligence"""
17-2041.00,15.0201,0.83,,"seeded from ""Civil Engineering Technology"""
17-2041.00,15.0613,0.98,"Advanced Manufacturing Operations Major, B.S.","seeded from ""Advanced Manufacturing Operations""; CIP shared"
17-2041.00,15.0613,0.98,"Advanced Manufacturing Sciences Major, B.S.","seeded from ""Advanced Manufacturing Sciences""; CIP shared"
17-2041.00,15.0805,0.98,,"seeded from ""Mechanical Engineering Technology"""
17-2041.00,40.0801,0.98,,"seeded from ""Physics"""
17-2041.00,50.0404,0.96,,"seeded from ""Industrial Design"""
17-2051.00,14.1401,0.72,,"seeded from ""Environmental Engineering"""
17-2051.00,15.0201,0.94,,"seeded from ""Civil Engineering Technology"""
17-2051.00,52.2001,0.80,,"seeded from ""Construction Project Management"""
17-2051.01,14.0901,0.83,,"seeded from ""Computer Engineering"""
17-2051.01,14.1001,0.83,,"seeded from ""Electrical Engineering"""
17-2051.01,14.1401,0.83,,"seeded from ""Environmental Engineering"""
17-2051.01,15.0201,0.98,,"seeded from ""Civil Engineering Technology"""
17-2051.01,50.0404,0.83,,"seeded from ""Industrial Design"""
17-2051.01,52.2001,0.98,,"seeded from ""Construction Project Management"""
17-2051.02,03.0103,0.96,,"seeded from ""Environmental Sustainability"""
17-2051.02,03.0104,0.96,,"seeded from ""Environmental Science"""
17-2051.02,14.1401,0.98,,"seeded from ""Environmental Engineering"""
17-2051.02,52.0201,0.78,"Business Administration Major, B.S.","seeded from ""Business Administration""; CIP shared"
17-2051.02,52.1001,0.78,,"seeded from ""Human Resource Management"""
17-2051.02,52.1399,0.78,,"seeded from ""Business Intelligence"""
17-2061.00,14.0901,0.98,,"seeded from ""Computer Engineering"""
17-2061.00,15.0613,0.82,"Advanced Manufacturing Operations Major, B.S.","seeded from ""Advanced Manufacturing Operations""; CIP shared"
17-2061.00,15.0613,0.82,"Advanced Manufacturing Sciences Major, B.S.","seeded from ""Advanced Manufacturing Sciences""; CIP shared"
17-2061.00,50.0404,0.82,,"seeded from ""Industrial Design"""
17-2071.00,14.0901,0.80,,"seeded from ""Computer Engineering"""
17-2071.00,14.1001,0.96,,"seeded from ""Electrical Engineering"""
17-2071.00,40.0801,0.70,,"seeded from ""Physics"""
17-2072.00,14.0901,0.80,,"seeded from ""Computer Engineering"""
17-2072.00,14.1001,0.96,,"seeded from ""Electrical Engineering"""
17-2072.00,40.0801,0.70,,"seeded from ""Physics"""
17-2072.01,09.0402,0.94,,"seeded from ""Broadcast Journalism"""
17-2072.01,50.0404,0.94,,"seeded from ""Industrial Design"""
17-2072.01,50.0703,0.72,,"seeded from ""Art History, Theory, and Criticism"""
17-2081.00,03.0103,0.75,,"seeded from ""Environmental Sustainability"""
17-2081.00,03.0104,0.78,,"seeded from ""Environmental Science"""
17-2081.00,14.1401,0.98,,"seeded from ""Environmental Engineering"""
17-2111.00,40.0501,0.93,,"seeded from ""Chemistry"""
17-2111.00,51.0701,0.98,"Health Care Management Major, B.S.","seeded from ""Health Care Management""; CIP shared"
17-2111.00,51.2201,0.98,,"seeded from ""Public Health"""
17-2111.00,51.2706,0.98,,"seeded from ""Health Care Information Systems Major"""
17-2111.00,51.3399,0.98,,"resolved from ""Integrative Health Care"""
17-2111.02,40.0801,0.77,,"seeded from ""Physics"""
17-2111.02,43.0202,0.98,,"seeded from ""Fire and Emergency Response Administration"""
17-2111.02,50.0404,0.77,,"seeded from ""Industrial Design"""
17-2112.00,15.0613,0.98,"Advanced Manufacturing Operations Major, B.S.","seeded from ""Advanced Manufacturing Operations""; CIP shared"
17-2112.00,15.0613,0.85,"Advanced Manufacturing Sciences Major, B.S.","seeded from ""Advanced Manufacturing Sciences""; CIP shared"
17-2112.00,50.0404,0.91,,"seeded from ""Industrial Design"""
17-2112.00,52.0299,0.93,"Operations Management Major, B.S.","seeded from ""Operations Management""; CIP shared"
17-2112.01,50.0404,0.94,,"seeded from ""Industrial Design"""
17-2112.01,50.0702,0.72,,"seeded from ""Art"""
17-2112.01,50.0703,0.94,,"seeded from ""Art History, Theory, and Criticism"""
17-2112.02,50.0404,0.83,,"seeded from ""Industrial Design"""
17-2112.02,50.0703,0.68,,"seeded from ""Art History, Theory, and Criticism"""
17-2112.02,52.0907,0.98,,"seeded from ""Event and Meeting Management"""
17-2112.03,15.0613,0.93,"Advanced Manufacturing Operations Major, B.S.","seeded from ""Advanced Manufacturing Operations""; CIP shared"
17-2112.03,15.0613,0.93,"Advanced Manufacturing Sciences Major, B.S.","seeded from ""Advanced Manufacturing Sciences""; CIP shared"
17-2112.03,50.0404,0.98,,"seeded from ""Industrial Design"""
17-2121.00,50.0404,0.94,,"seeded from ""Industrial Design"""
17-2121.00,50.0702,0.72,,"seeded from ""Art"""
17-2121.00,50.0703,0.72,,"seeded from ""Art History, Theory, and Criticism"""
17-2131.00,50.0404,0.94,,"seeded from ""Industrial Design"""
17-2131.00,50.0702,0.72,,"seeded from ""Art"""
17-2131.00,50.0703,0.72,,"seeded from ""Art History, Theory, and Criticism"""
17-2141.00,15.0613,0.78,"Advanced Manufacturing Sciences Major, B.S.","seeded from ""Advanced Manufacturing Sciences""; CIP shared"
17-2141.00,15.0805,0.94,,"seeded from ""Mechanical Engineering Technology"""
17-2141.00,40.0801,0.70,,"seeded from ""Physics"""
17-2141.01,50.0404,0.94,,"seeded from ""Industrial Design"""
17-2141.01,50.0702,0.72,,"seeded from ""Art"""
17-2141.01,50.0703,0.72,,"seeded from ""Art History, Theory, and Criticism"""
17-2141.02,11.0701,0.94,,"seeded from ""Computer Science"""
17-2141.02,11.1003,0.94,"Computer Security Major, B.S.","seeded from ""Computer Security""; CIP shared"
17-2141.02,14.0901,0.94,,"seeded from ""Computer Engineering"""
17-2141.02,50.0404,0.94,,"seeded from ""Industrial Design"""
17-2141.02,52.1201,0.94,,"seeded from ""Computer Information Systems"""
17-2151.00,15.0201,0.83,,"seeded from ""Civil Engineering Technology"""
17-2151.00,40.0601,0.98,,"seeded from ""Applied Geology"""
17-2151.00,50.0404,0.96,,"seeded from ""Industrial Design"""
17-2151.00,50.0901,0.83,,"seeded from ""Music"""
17-2151.00,52.2001,0.98,,"seeded from ""Construction Project Management"""
17-2161.00,14.0901,0.79,,"seeded from ""Computer Engineering"""
17-2161.00,14.1001,0.79,,"seeded from ""Electrical Engineering"""
17-2161.00,14.1401,0.98,,"seeded from ""Environmental Engineering"""
17-2161.00,15.0201,0.79,,"seeded from ""Civil Engineering Technology"""
17-2161.00,40.0601,0.87,,"seeded from ""Applied Geology"""
17-2161.00,40.0801,0.90,,"seeded from ""Physics"""
17-2171.00,10.0105,0.95,,"seeded from ""Video Production"""
17-2171.00,15.0613,0.75,"Advanced Manufacturing Operations Major, B.S.","seeded from ""Advanced Manufacturing Operations""; CIP shared"
17-2171.00,15.0613,0.75,"Advanced Manufacturing Sciences Major, B.S.","seeded from ""Advanced Manufacturing Sciences""; CIP shared"
17-2171.00,40.0601,0.75,,"seeded from ""Applied Geology"""
17-2171.00,50.0404,0.75,,"seeded from ""Industrial Design"""
17-2199.00,23.1304,0.90,,"seeded from ""Communication Studies"""
17-2199.00,52.0201,0.90,"Business Administration Major, B.S.","seeded from ""Business Administration""; CIP shared"
17-2199.00,52.0201,0.90,"Management Major, B.S.","seeded from ""Management""; CIP shared"
17-2199.03,14.1001,0.90,,"seeded from ""Electrical Engineering"""
17-2199.03,15.0201,0.78,,"seeded from ""Civil Engineering Technology"""
17-2199.03,15.0613,0.78,"Advanced Manufacturing Sciences Major, B.S.","seeded from ""Advanced Manufacturing Sciences""; CIP shared"
17-2199.03,15.0805,0.78,,"seeded from ""Mechanical Engineering Technology"""
17-2199.03,50.0404,0.89,,"seeded from ""Industrial Design"""
17-2199.03,52.2001,0.98,,"seeded from ""Construction Project Management"""
17-2199.05,15.0613,0.79,"Advanced Manufacturing Operations Major, B.S.","seeded from ""Advanced Manufacturing Operations""; CIP shared"
17-2199.05,15.0613,0.79,"Advanced Manufacturing Sciences Major, B.S.","seeded from ""Advanced Manufacturing Sciences""; CIP shared"
17-2199.05,50.0404,0.98,,"seeded from ""Industrial Design"""
17-2199.06,40.0601,0.72,,"seeded from ""Applied Geology"""
17-2199.06,50.0404,0.94,,"seeded from ""Industrial Design"""
17-2199.06,50.0703,0.72,,"seeded from ""Art History, Theory, and Criticism"""
17-2199.07,50.0404,0.94,,"seeded from ""Industrial Design"""
17-2199.07,50.0702,0.72,,"seeded from ""Art"""
17-2199.07,50.0703,0.72,,"seeded from ""Art History, Theory, and Criticism"""
17-2199.08,40.0601,0.72,,"seeded from ""Applied Geology"""
17-2199.08,50.0404,0.94,,"seeded from ""Industrial Design"""
17-2199.08,50.0703,0.72,,"seeded from ""Art History, Theory, and Criticism"""
17-2199.09,10.0105,0.86,,"seeded from ""Video Production"""
17-2199.09,14.0901,0.98,,"seeded from ""Computer Engineering"""
17-2199.09,14.1001,0.93,,"seeded from ""Electrical Engineering"""
17-2199.09,15.0613,0.86,"Advanced Manufacturing Sciences Major, B.S.","seeded from ""Advanced Manufacturing Sciences""; CIP shared"
17-2199.09,40.0801,0.93,,"seeded from ""Physics"""
17-2199.09,50.0404,0.85,,"seeded from ""Industrial Design"""
17-2199.10,50.0404,0.94,,"seeded from ""Industrial Design"""
17-2199.10,50.0702,0.72,,"seeded from ""Art"""
17-2199.10,50.0703,0.72,,"seeded from ""Art History, Theory, and Criticism"""
17-2199.11,14.0901,0.98,,"seeded from ""Computer Engineering"""
17-2199.11,14.1401,0.91,,"seeded from ""Environmental Engineering"""
17-2199.11,15.0201,0.86,,"seeded from ""Civil Engineering Technology"""
17-2199.11,50.0404,0.91,,"seeded from ""Industrial Design"""
17-3011.00,15.0201,0.98,,"seeded from ""Civil Engineering Technology"""
17-3011.00,15.0613,0.69,"Advanced Manufacturing Sciences Major, B.S.","seeded from ""Advanced Manufacturing Sciences""; CIP shared"
17-3011.00,52.2001,0.76,,"seeded from ""Construction Project Management"""
17-3012.00,14.0901,0.77,,"seeded from ""Computer Engineering"""
17-3012.00,14.1001,0.98,,"seeded from ""Electrical Engineering"""
17-3012.00,15.0201,0.77,,"seeded from ""Civil Engineering Technology"""
17-3013.00,14.0901,0.73,,"seeded from ""Computer Engineering"""
17-3013.00,15.0201,0.81,,"seeded from ""Civil Engineering Technology"""
17-3013.00,15.0805,0.98,,"seeded from ""Mechanical Engineering Technology"""
17-3019.00,15.0201,0.90,,"seeded from ""Civil Engineering Technology"""
17-3019.00,50.0404,0.90,,"seeded from ""Industrial Design"""
17-3021.00,14.0901,0.90,,"seeded from ""Computer Engineering"""
17-3021.00,14.1001,0.90,,"seeded from ""Electrical Engineering"""
17-3021.00,15.0201,0.86,,"seeded from ""Civil Engineering Technology"""
17-3021.00,15.0805,0.90,,"seeded from ""Mechanical Engineering Technology"""
17-3021.00,29.0402,0.98,,"seeded from ""Aerospace Systems and Mission Design"""
17-3022.00,14.1401,0.72,,"seeded from ""Environmental Engineering"""
17-3022.00,15.0201,0.94,,"seeded from ""Civil Engineering Technology"""
17-3022.00,52.2001,0.80,,"seeded from ""Construction Project Management"""
17-3023.00,14.1001,0.98,,"seeded from ""Electrical Engineering"""
17-3023.00,15.0201,0.85,,"seeded from ""Civil Engineering Technology"""
17-3023.00,15.0805,0.88,,"seeded from ""Mechanical Engineering Technology"""
17-3024.00,14.1001,0.81,,"seeded from ""Electrical Engineering"""
17-3024.00,15.0805,0.98,,"seeded from ""Mechanical Engineering Technology"""
17-3024.00,29.0402,0.86,,"seeded from ""Aerospace Systems and Mission Design"""
17-3024.01,09.0702,0.75,,"seeded from ""Media Production and Leadership"""
17-3024.01,10.0105,0.95,,"seeded from ""Video Production"""
17-3024.01,15.0613,0.75,"Advanced Manufacturing Operations Major, B.S.","seeded from ""Advanced Manufacturing Operations""; CIP shared"
17-3024.01,15.0613,0.75,"Advanced Manufacturing Sciences Major, B.S.","seeded from ""Advanced Manufacturing Sciences""; CIP shared"
17-3025.00,03.0103,0.75,,"seeded from ""Environmental Sustainability"""
17-3025.00,03.0104,0.78,,"seeded from ""Environmental Science"""
17-3025.00,14.1401,0.98,,"seeded from ""Environmental Engineering"""
17-3026.00,14.0901,0.83,,"seeded from ""Computer Engineering"""
17-3026.00,14.1001,0.87,,"seeded from ""Electrical Engineering"""
17-3026.00,15.0201,0.87,,"seeded from ""Civil Engineering Technology"""
17-3026.00,15.0613,0.98,"Advanced Manufacturing Operations Major, B.S.","seeded from ""Advanced Manufacturing Operations""; CIP shared"
17-3026.00,15.0613,0.94,"Advanced Manufacturing Sciences Major, B.S.","seeded from ""Advanced Manufacturing Sciences""; CIP shared"
17-3026.00,15.0805,0.91,,"seeded from ""Mechanical Engineering Technology"""
17-3026.01,14.0901,0.89,,"seeded from ""Computer Engineering"""
17-3026.01,14.1001,0.95,,"seeded from ""Electrical Engineering"""
17-3026.01,15.0201,0.95,,"seeded from ""Civil Engineering Technology"""
17-3026.01,15.0613,0.92,"Advanced Manufacturing Operations Major, B.S.","seeded from ""Advanced Manufacturing Operations""; CIP shared"
17-3026.01,15.0613,0.98,"Advanced Manufacturing Sciences Major, B.S.","seeded from ""Advanced Manufacturing Sciences""; CIP shared"
17-3026.01,15.0805,0.95,,"seeded from ""Mechanical Engineering Technology"""
17-3027.00,15.0613,0.78,"Advanced Manufacturing Sciences Major, B.S.","seeded from ""Advanced Manufacturing Sciences""; CIP shared"
17-3027.00,15.0805,0.94,,"seeded from ""Mechanical Engineering Technology"""
17-3027.00,40.0801,0.70,,"seeded from ""Physics"""
17-3027.01,14.0901,0.82,,"seeded from ""Computer Engineering"""
17-3027.01,14.1001,0.86,,"seeded from ""Electrical Engineering"""
17-3027.01,14.1401,0.82,,"seeded from ""Environmental Engineering"""
17-3027.01,15.0201,0.98,,"seeded from ""Civil Engineering Technology"""
17-3027.01,15.0613,0.87,"Advanced Manufacturing Sciences Major, B.S.","seeded from ""Advanced Manufacturing Sciences""; CIP shared"
17-3027.01,15.0805,0.86,,"seeded from ""Mechanical Engineering Technology"""
17-3028.00,14.0901,0.98,,"seeded from ""Computer Engineering"""
17-3028.00,14.1001,0.98,,"seeded from ""Electrical Engineering"""
17-3028.00,15.0201,0.98,,"seeded from ""Civil Engineering Technology"""
17-3028.00,15.0613,0.83,"Advanced Manufacturing Operations Major, B.S.","seeded from ""Advanced Manufacturing Operations""; CIP shared"
17-3028.00,15.0805,0.98,,"seeded from ""Mechanical Engineering Technology"""
17-3028.00,40.0801,0.98,,"seeded from ""Physics"""
17-3029.00,14.0901,0.87,,"seeded from ""Computer Engineering"""
17-3029.00,14.1001,0.92,,"seeded from ""Electrical Engineering"""
17-3029.00,14.1401,0.87,,"seeded from ""Environmental Engineering"""
17-3029.00,15.0201,0.98,,"seeded from ""Civil Engineering Technology"""
17-3029.00,15.0805,0.92,,"seeded from ""Mechanical Engineering Technology"""
17-3029.01,13.1001,0.93,,"seeded from ""Special Education"""
17-3029.08,23.1304,0.90,,"seeded from ""Communication Studies"""
17-3029.08,52.0201,0.90,"Business Administration Major, B.S.","seeded from ""Business Administration""; CIP shared"
17-3029.08,52.0201,0.90,"Management Major, B.S.","seeded from ""Management""; CIP shared"
17-3031.00,14.1401,0.72,,"seeded from ""Environmental Engineering"""
17-3031.00,15.0201,0.94,,"seeded from ""Civil Engineering Technology"""
17-3031.00,52.2001,0.80,,"seeded from ""Construction Project Management"""
19-1011.00,26.0202,0.80,,"seeded from ""Biochemistry"""
19-1011.00,30.1901,0.98,"Nutrition and Dietetics Major, B.S.","seeded from ""Nutrition and Dietetics""; CIP shared"
19-1011.00,30.1901,0.98,"Nutrition Science Major, B.S.","seeded from ""Nutrition Science""; CIP shared"
19-1011.00,40.0801,0.83,,"seeded from ""Physics"""
19-1011.00,51.0001,0.98,"Sport Nutrition Major, B.S.","seeded from ""Sport Nutrition""; CIP shared"
19-1011.00,51.9999,0.83,,"resolved from ""Lifestyle Medicine"""
19-1012.00,14.0901,0.83,,"seeded from ""Computer Engineering"""
19-1012.00,15.0201,0.83,,"seeded from ""Civil Engineering Technology"""
19-1012.00,15.0613,0.83,"Advanced Manufacturing Sciences Major, B.S.","seeded from ""Advanced Manufacturing Sciences""; CIP shared"
19-1012.00,26.0202,0.83,,"seeded from ""Biochemistry"""
19-1012.00,40.0501,0.98,,"seeded from ""Chemistry"""
19-1012.00,40.0801,0.96,,"seeded from ""Physics"""
19-1013.00,26.0101,0.94,,"seeded from ""Biology"""
19-1013.00,26.0202,0.94,,"seeded from ""Biochemistry"""
19-1013.00,40.0501,0.94,,"seeded from ""Chemistry"""
19-1013.00,40.0801,0.94,,"seeded from ""Physics"""
19-1013.00,52.0201,0.94,"Business Administration Major, B.S.","seeded from ""Business Administration""; CIP shared"
19-1013.00,52.0201,0.94,"Management Major, B.S.","seeded from ""Management""; CIP shared"
19-1021.00,14.1001,0.98,,"seeded from ""Electrical Engineering"""
19-1021.00,15.0805,0.98,,"seeded from ""Mechanical Engineering Technology"""
19-1021.00,26.0202,0.83,,"seeded from ""Biochemistry"""
19-1021.00,27.0101,0.80,,"seeded from ""Mathematics"""
19-1021.00,40.0501,0.83,,"seeded from ""Chemistry"""
19-1021.00,40.0601,0.80,,"seeded from ""Applied Geology"""
19-1022.00,26.0101,0.94,,"seeded from ""Biology"""
19-1022.00,51.2201,0.94,,"seeded from ""Public Health"""
19-1022.00,51.3399,0.94,,"resolved from ""Integrative Health Care"""
19-1023.00,03.0103,0.87,,"seeded from ""Environmental Sustainability"""
19-1023.00,03.0104,0.93,,"seeded from ""Environmental Science"""
19-1023.00,14.1401,0.88,,"seeded from ""Environmental Engineering"""
19-1023.00,26.0101,0.98,,"seeded from ""Biology"""
19-1029.00,26.0101,0.90,,"seeded from ""Biology"""
19-1029.00,26.0202,0.90,,"seeded from ""Biochemistry"""
19-1029.00,40.0801,0.90,,"seeded from ""Physics"""
19-1029.01,11.0701,0.86,,"seeded from ""Computer Science"""
19-1029.01,26.0101,0.98,,"seeded from ""Biology"""
19-1029.01,26.0202,0.98,,"seeded from ""Biochemistry"""
19-1029.01,40.0501,0.85,,"seeded from ""Chemistry"""
19-1029.01,51.2706,0.98,,"seeded from ""Health Care Information Systems Major"""
19-1029.01,52.1201,0.93,,"seeded from ""Computer Information Systems"""
19-1029.02,26.0101,0.94,,"seeded from ""Biology"""
19-1029.02,26.0202,0.94,,"seeded from ""Biochemistry"""
19-1029.02,40.0601,0.72,,"seeded from ""Applied Geology"""
19-1029.03,26.0101,0.72,,"seeded from ""Biology"""
19-1029.03,26.0202,0.94,,"seeded from ""Biochemistry"""
19-1029.03,40.0601,0.72,,"seeded from ""Applied Geology"""
19-1029.04,26.0101,0.94,,"seeded from ""Biology"""
19-1029.04,26.0202,0.72,,"seeded from ""Biochemistry"""
19-1029.04,40.0601,0.72,,"seeded from ""Applied Geology"""
19-1031.00,03.0103,0.86,,"seeded from ""Environmental Sustainability"""
19-1031.00,03.0104,0.86,,"seeded from ""Environmental Science"""
19-1031.00,26.0101,0.98,,"seeded from ""Biology"""
19-1031.02,03.0104,0.86,,"seeded from ""Environmental Science"""
19-1031.02,26.0101,0.86,,"seeded from ""Biology"""
19-1031.02,52.0201,0.98,"Business Administration Major, B.S.","seeded from ""Business Administration""; CIP shared"
19-1031.02,52.0201,0.98,"Management Major, B.S.","seeded from ""Management""; CIP shared"
19-1031.02,52.0299,0.83,"Operations Management Major, B.S.","seeded from ""Operations Management""; CIP shared"
19-1031.03,09.0900,0.90,,"seeded from ""Public Relations"""
19-1031.03,51.2201,0.90,,"seeded from ""Public Health"""
19-1032.00,03.0103,0.93,,"seeded from ""Environmental Sustainability"""
19-1032.00,03.0104,0.98,,"seeded from ""Environmental Science"""
19-1032.00,14.1401,0.88,,"seeded from ""Environmental Engineering"""
19-1032.00,26.0101,0.82,,"seeded from ""Biology"""
19-1041.00,30.1901,0.78,"Nutrition Science Major, B.S.","seeded from ""Nutrition Science""; CIP shared"
19-1041.00,51.0701,0.78,"Health Care Management Major, B.S.","seeded from ""Health Care Management""; CIP shared"
19-1041.00,51.2201,0.98,,"seeded from ""Public Health"""
19-1041.00,51.2706,0.78,,"seeded from ""Health Care Information Systems Major"""
19-1041.00,51.3399,0.78,,"resolved from ""Integrative Health Care"""
19-1042.00,26.0202,0.98,,"seeded from ""Biochemistry"""
19-1042.00,51.2201,0.94,,"seeded from ""Public Health"""
19-1042.00,51.3399,0.87,,"resolved from ""Integrative Health Care"""
19-1099.00,26.0101,0.98,,"seeded from ""Biology"""
19-1099.00,40.0801,0.71,,"seeded from ""Physics"""
19-2011.00,26.0202,0.72,,"seeded from ""Biochemistry"""
19-2011.00,40.0601,0.72,,"seeded from ""Applied Geology"""
19-2011.00,40.0801,0.94,,"seeded from ""Physics"""
19-2012.00,26.0202,0.72,,"seeded from ""Biochemistry"""
19-2012.00,40.0601,0.72,,"seeded from ""Applied Geology"""
19-2012.00,40.0801,0.94,,"seeded from ""Physics"""
19-2021.00,29.0402,0.85,,"seeded from ""Aerospace Systems and Mission Design"""
19-2021.00,40.0401,0.98,,"seeded from ""Meteorology"""
19-2021.00,52.1399,0.70,,"seeded from ""Business Intelligence"""
19-2031.00,15.0613,0.95,"Advanced Manufacturing Sciences Major, B.S.","seeded from ""Advanced Manufacturing Sciences""; CIP shared"
19-2031.00,27.0101,0.75,,"seeded from ""Mathematics"""
19-2031.00,27.0501,0.75,,"seeded from ""Statistical Science"""
19-2031.00,40.0501,0.95,,"seeded from ""Chemistry"""
19-2031.00,52.0299,0.75,"Operations Management Major, B.S.","seeded from ""Operations Management""; CIP shared"
19-2032.00,40.0501,0.98,,"seeded from ""Chemistry"""
19-2032.00,40.0601,0.64,,"seeded from ""Applied Geology"""
19-2032.00,40.0801,0.86,,"seeded from ""Physics"""
19-2041.00,03.0103,0.87,,"seeded from ""Environmental Sustainability"""
19-2041.00,03.0104,0.98,,"seeded from ""Environmental Science"""
19-2041.00,14.1401,0.88,,"seeded from ""Environmental Engineering"""
19-2041.00,51.2201,0.98,,"seeded from ""Public Health"""
19-2041.01,03.0103,0.98,,"seeded from ""Environmental Sustainability"""
19-2041.01,03.0104,0.98,,"seeded from ""Environmental Science"""
19-2041.01,26.0101,0.81,,"seeded from ""Biology"""
19-2041.01,27.0101,0.85,,"seeded from ""Mathematics"""
19-2041.01,40.0401,0.98,,"seeded from ""Meteorology"""
19-2041.01,40.0601,0.81,,"seeded from ""Applied Geology"""
19-2041.02,03.0103,0.98,,"seeded from ""Environmental Sustainability"""
19-2041.02,03.0104,0.98,,"seeded from ""Environmental Science"""
19-2041.02,14.1401,0.93,,"seeded from ""Environmental Engineering"""
19-2041.02,26.0101,0.89,,"seeded from ""Biology"""
19-2041.03,15.0613,0.93,"Advanced Manufacturing Operations Major, B.S.","seeded from ""Advanced Manufacturing Operations""; CIP shared"
19-2041.03,15.0613,0.93,"Advanced Manufacturing Sciences Major, B.S.","seeded from ""Advanced Manufacturing Sciences""; CIP shared"
19-2041.03,50.0404,0.98,,"seeded from ""Industrial Design"""
19-2042.00,03.0103,0.85,,"seeded from ""Environmental Sustainability"""
19-2042.00,03.0104,0.85,,"seeded from ""Environmental Science"""
19-2042.00,14.1401,0.94,,"seeded from ""Environmental Engineering"""
19-2042.00,40.0601,0.98,,"seeded from ""Applied Geology"""
19-2042.00,40.0801,0.85,,"seeded from ""Physics"""
19-2043.00,26.0101,0.68,,"seeded from ""Biology"""
19-2043.00,26.0202,0.68,,"seeded from ""Biochemistry"""
19-2043.00,40.0601,0.98,,"seeded from ""Applied Geology"""
19-2099.00,13.1314,0.98,,"seeded from ""K-12 Physical Education"""
19-2099.00,40.0801,0.72,,"seeded from ""Physics"""
19-2099.01,52.0201,0.94,"Business Administration Major, B.S.","seeded from ""Business Administration""; CIP shared"
19-2099.01,52.0201,0.94,"Management Major, B.S.","seeded from ""Management""; CIP shared"
19-2099.01,52.1001,0.94,,"seeded from ""Human Resource Management"""
19-2099.01,52.1399,0.94,,"seeded from ""Business Intelligence"""
19-3011.00,26.0202,0.72,,"seeded from ""Biochemistry"""
19-3011.00,27.0501,0.94,,"seeded from ""Statistical Science"""
19-3011.00,40.0601,0.72,,"seeded from ""Applied Geology"""
19-3011.01,03.0103,0.98,,"seeded from ""Environmental Sustainability"""
19-3011.01,03.0104,0.93,,"seeded from ""Environmental Science"""
19-3011.01,14.1401,0.94,,"seeded from ""Environmental Engineering"""
19-3022.00,14.1401,0.72,,"seeded from ""Environmental Engineering"""
19-3022.00,15.0201,0.94,,"seeded from ""Civil Engineering Technology"""
19-3022.00,52.2001,0.80,,"seeded from ""Construction Project Management"""
19-3032.00,50.0404,0.86,,"seeded from ""Industrial Design"""
19-3032.00,52.1001,0.98,,"seeded from ""Human Resource Management"""
19-3032.00,52.1401,0.88,,"seeded from ""Marketing"""
19-3033.00,42.2799,0.78,,"seeded from ""Psychology Major"""
19-3033.00,50.0404,0.78,,"seeded from ""Industrial Design"""
19-3033.00,50.0703,0.90,,"seeded from ""Art History, Theory, and Criticism"""
19-3033.00,51.3399,0.90,,"resolved from ""Integrative Health Care"""
19-3034.00,13.1302,0.72,,"seeded from ""Art Education"""
19-3034.00,23.0101,0.90,,"seeded from ""English"""
19-3034.00,50.0404,0.94,,"seeded from ""Industrial Design"""
19-3039.00,42.2799,0.90,,"seeded from ""Psychology Major"""
19-3039.02,26.0101,0.90,,"seeded from ""Biology"""
19-3039.02,26.0202,0.90,,"seeded from ""Biochemistry"""
19-3039.02,40.0501,0.90,,"seeded from ""Chemistry"""
19-3039.02,44.0000,0.94,,"seeded from ""Human Services"""
19-3039.02,51.3399,0.94,,"resolved from ""Integrative Health Care"""
19-3039.03,51.3399,0.83,,"resolved from ""Integrative Health Care"""
19-3041.00,44.0000,0.83,,"seeded from ""Human Services"""
19-3041.00,45.1001,0.98,,"seeded from ""Political Science"""
19-3041.00,52.0201,0.98,"Business Administration Major, B.S.","seeded from ""Business Administration""; CIP shared"
19-3041.00,52.0201,0.98,"International Business Major, B.S.","seeded from ""International Business""; CIP shared"
19-3041.00,52.1001,0.83,,"seeded from ""Human Resource Management"""
19-3041.00,52.1399,0.83,,"seeded from ""Business Intelligence"""
19-3051.00,13.1314,0.68,,"seeded from ""K-12 Physical Education"""
19-3051.00,45.0701,0.98,,"seeded from ""Geography"""
19-3051.00,52.0907,0.68,,"seeded from ""Event and Meeting Management"""
19-3091.00,42.2703,0.95,,"seeded from ""Human Development and Family Studies"""
19-3091.00,45.0201,0.75,,"seeded from ""Anthropology"""
19-3091.00,50.0703,0.75,,"seeded from ""Art History, Theory, and Criticism"""
19-3091.00,51.0201,0.95,,"seeded from ""Speech, Language, Hearing Sciences"""
19-3091.00,52.1001,0.75,,"seeded from ""Human Resource Management"""
19-3091.00,54.0101,0.95,,"seeded from ""History"""
19-3092.00,03.0103,0.83,,"seeded from ""Environmental Sustainability"""
19-3092.00,03.0104,0.83,,"seeded from ""Environmental Science"""
19-3092.00,40.0601,0.83,,"seeded from ""Applied Geology"""
19-3092.00,44.0000,0.83,,"seeded from ""Human Services"""
19-3092.00,45.0701,0.83,,"seeded from ""Geography"""
19-3092.00,45.1001,0.98,,"seeded from ""Political Science"""
19-3093.00,09.0402,0.83,,"seeded from ""Broadcast Journalism"""
19-3093.00,09.0702,0.98,,"seeded from ""Media Production and Leadership"""
19-3093.00,10.0105,0.98,,"resolved from ""Film Studies and Production"""
19-3093.00,45.1001,0.83,,"seeded from ""Political Science"""
19-3093.00,50.0703,0.83,,"seeded from ""Art History, Theory, and Criticism"""
19-3093.00,54.0101,0.98,,"seeded from ""History"""
19-3094.00,43.0104,0.64,,"seeded from ""Criminal Justice and Criminology"""
19-3094.00,45.1001,0.98,,"seeded from ""Political Science"""
19-3094.00,51.2201,0.74,,"seeded from ""Public Health"""
19-3099.00,40.0801,0.68,,"seeded from ""Physics"""
19-3099.00,44.0701,0.98,,"seeded from ""Social Work"""
19-3099.00,45.0201,0.89,,"seeded from ""Anthropology"""
19-3099.01,52.0907,0.90,,"seeded from ""Event and Meeting Management"""
19-3099.01,52.1399,0.90,,"seeded from ""Business Intelligence"""
19-4012.00,26.0101,0.98,,"seeded from ""Biology"""
19-4012.00,30.1901,0.86,"Nutrition and Dietetics Major, B.S.","seeded from ""Nutrition and Dietetics""; CIP shared"
19-4012.00,30.1901,0.93,"Nutrition Science Major, B.S.","seeded from ""Nutrition Science""; CIP shared"
19-4012.00,40.0501,0.85,,"seeded from ""Chemistry"""
19-4012.00,51.0001,0.86,"Sport Nutrition Major, B.S.","seeded from ""Sport Nutrition""; CIP shared"
19-4012.01,52.0201,0.76,"Business Administration Major, B.S.","seeded from ""Business Administration""; CIP shared"
19-4012.01,52.0201,0.76,"International Business Major, B.S.","seeded from ""International Business""; CIP shared"
19-4012.01,52.1399,0.98,,"seeded from ""Business Intelligence"""
19-4013.00,27.0101,0.76,,"seeded from ""Mathematics"""
19-4013.00,40.0501,0.98,,"seeded from ""Chemistry"""
19-4013.00,40.0801,0.76,,"seeded from ""Physics"""
19-4021.00,26.0101,0.86,,"seeded from ""Biology"""
19-4021.00,26.0202,0.98,,"seeded from ""Biochemistry"""
19-4021.00,40.0501,0.76,,"seeded from ""Chemistry"""
19-4031.00,03.0103,0.80,,"seeded from ""Environmental Sustainability"""
19-4031.00,03.0104,0.80,,"seeded from ""Environmental Science"""
19-4031.00,40.0501,0.98,,"seeded from ""Chemistry"""
19-4042.00,03.0103,0.87,,"seeded from ""Environmental Sustainability"""
19-4042.00,03.0104,0.98,,"seeded from ""Environmental Science"""
19-4042.00,14.1401,0.95,,"seeded from ""Environmental Engineering"""
19-4042.00,40.0801,0.82,,"seeded from ""Physics"""
19-4042.00,51.2201,0.84,,"seeded from ""Public Health"""
19-4043.00,26.0101,0.94,,"seeded from ""Biology"""
19-4043.00,30.1901,0.94,"Nutrition Science Major, B.S.","seeded from ""Nutrition Science""; CIP shared"
19-4043.00,40.0501,0.94,,"seeded from ""Chemistry"""
19-4044.00,14.1401,0.94,,"seeded from ""Environmental Engineering"""
19-4044.00,26.0101,0.94,,"seeded from ""Biology"""
19-4044.00,40.0501,0.94,,"seeded from ""Chemistry"""
19-4044.00,40.0601,0.94,,"seeded from ""Applied Geology"""
19-4044.00,45.1001,0.94,,"seeded from ""Political Science"""
19-4044.00,51.2201,0.90,,"seeded from ""Public Health"""
19-4051.00,26.0101,0.82,,"seeded from ""Biology"""
19-4051.00,40.0501,0.98,,"seeded from ""Chemistry"""
19-4051.00,40.0801,0.89,,"seeded from ""Physics"""
19-4051.02,40.0801,0.90,,"seeded from ""Physics"""
19-4051.02,42.2703,0.90,,"seeded from ""Human Development and Family Studies"""
19-4051.02,44.0000,0.90,,"seeded from ""Human Services"""
19-4051.02,52.1001,0.90,,"seeded from ""Human Resource Management"""
19-4061.00,15.0613,0.88,"Advanced Manufacturing Operations Major, B.S.","seeded from ""Advanced Manufacturing Operations""; CIP shared"
19-4061.00,26.0101,0.82,,"seeded from ""Biology"""
19-4061.00,40.0501,0.98,,"seeded from ""Chemistry"""
19-4061.00,40.0801,0.82,,"seeded from ""Physics"""
19-4061.00,44.0701,0.86,,"seeded from ""Social Work"""
19-4071.00,03.0103,0.82,,"seeded from ""Environmental Sustainability"""
19-4071.00,03.0104,0.94,,"seeded from ""Environmental Science"""
19-4071.00,26.0101,0.98,,"seeded from ""Biology"""
19-4071.00,43.0202,0.84,,"seeded from ""Fire and Emergency Response Administration"""
19-4092.00,42.2799,0.70,,"seeded from ""Psychology Major"""
19-4092.00,43.0104,0.96,,"seeded from ""Criminal Justice and Criminology"""
19-4092.00,45.1001,0.68,,"seeded from ""Political Science"""
19-4099.00,13.1314,0.94,,"seeded from ""K-12 Physical Education"""
19-4099.00,15.0613,0.98,"Advanced Manufacturing Sciences Major, B.S.","seeded from ""Advanced Manufacturing Sciences""; CIP shared"
19-4099.00,44.0701,0.94,,"seeded from ""Social Work"""
19-4099.01,15.0613,0.98,"Advanced Manufacturing Operations Major, B.S.","seeded from ""Advanced Manufacturing Operations""; CIP shared"
19-4099.01,15.0613,0.86,"Advanced Manufacturing Sciences Major, B.S.","seeded from ""Advanced Manufacturing Sciences""; CIP shared"
19-4099.01,40.0501,0.98,,"seeded from ""Chemistry"""
19-4099.01,52.0299,0.98,"Brewery Operations Major, B.S.","seeded from ""Brewery Operations""; CIP shared"
19-4099.03,29.0402,0.94,,"seeded from ""Aerospace Systems and Mission Design"""
19-5011.00,51.0701,0.87,"Health Care Management Major, B.S.","seeded from ""Health Care Management""; CIP shared"
19-5011.00,51.2201,0.98,,"seeded from ""Public Health"""
19-5011.00,51.2706,0.87,,"seeded from ""Health Care Information Systems Major"""
19-5011.00,51.3399,0.87,,"resolved from ""Integrative Health Care"""
19-5012.00,26.0202,0.80,,"seeded from ""Biochemistry"""
19-5012.00,51.0701,0.98,"Health Care Management Major, B.S.","seeded from ""Health Care Management""; CIP shared"
19-5012.00,51.2201,0.98,,"seeded from ""Public Health"""
19-5012.00,51.2706,0.98,,"seeded from ""Health Care Information Systems Major"""
19-5012.00,51.3399,0.98,,"resolved from ""Integrative Health Care"""
21-1011.00,42.2703,0.76,,"seeded from ""Human Development and Family Studies"""
21-1011.00,42.2799,0.86,,"seeded from ""Psychology Major"""
21-1011.00,44.0000,0.98,,"seeded from ""Human Services"""
21-1012.00,13.1210,0.93,,"seeded from ""Early Childhood Education"""
21-1012.00,13.1302,0.93,,"seeded from ""Art Education"""
21-1012.00,51.0701,0.93,"Health Care Management Major, B.S.","seeded from ""Health Care Management""; CIP shared"
21-1012.00,51.2706,0.93,,"seeded from ""Health Care Information Systems Major"""
21-1013.00,05.0201,0.65,,"seeded from ""Africana Studies"""
21-1013.00,42.2703,0.98,,"seeded from ""Human Development and Family Studies"""
21-1013.00,42.2799,0.77,,"seeded from ""Psychology Major"""
21-1014.00,42.2703,0.82,,"seeded from ""Human Development and Family Studies"""
21-1014.00,42.2799,0.88,,"seeded from ""Psychology Major"""
21-1014.00,44.0000,0.98,,"seeded from ""Human Services"""
21-1014.00,44.0701,0.84,,"seeded from ""Social Work"""
21-1014.00,51.2201,0.83,,"seeded from ""Public Health"""
21-1015.00,50.0404,0.94,,"seeded from ""Industrial Design"""
21-1015.00,50.0702,0.72,,"seeded from ""Art"""
21-1015.00,50.0703,0.72,,"seeded from ""Art History, Theory, and Criticism"""
21-1019.00,42.2703,0.90,,"seeded from ""Human Development and Family Studies"""
21-1019.00,42.2799,0.90,,"seeded from ""Psychology Major"""
21-1019.00,44.0000,0.90,,"seeded from ""Human Services"""
21-1021.00,42.2703,0.91,,"seeded from ""Human Development and Family Studies"""
21-1021.00,44.0000,0.78,,"seeded from ""Human Services"""
21-1021.00,44.0701,0.98,,"seeded from ""Social Work"""
21-1022.00,44.0701,0.98,,"seeded from ""Social Work"""
21-1022.00,51.0701,0.83,"Health Care Management Major, B.S.","seeded from ""Health Care Management""; CIP shared"
21-1022.00,51.2201,0.86,,"seeded from ""Public Health"""
21-1022.00,51.2706,0.87,,"seeded from ""Health Care Information Systems Major"""
21-1022.00,51.3399,0.91,,"resolved from ""Integrative Health Care"""
21-1023.00,42.2799,0.80,,"seeded from ""Psychology Major"""
21-1023.00,44.0000,0.87,,"seeded from ""Human Services"""
21-1023.00,44.0701,0.98,,"seeded from ""Social Work"""
21-1029.00,44.0701,0.98,,"seeded from ""Social Work"""
21-1091.00,13.1001,0.88,,"seeded from ""Special Education"""
21-1091.00,13.1210,0.86,,"seeded from ""Early Childhood Education"""
21-1091.00,13.1302,0.86,,"seeded from ""Art Education"""
21-1091.00,51.3399,0.98,,"resolved from ""Integrative Health Care"""
21-1091.00,51.9999,0.92,,"resolved from ""Lifestyle Medicine"""
21-1092.00,42.2799,0.70,,"seeded from ""Psychology Major"""
21-1092.00,43.0104,0.96,,"seeded from ""Criminal Justice and Criminology"""
21-1092.00,45.1001,0.68,,"seeded from ""Political Science"""
21-1093.00,42.2703,0.82,,"seeded from ""Human Development and Family Studies"""
21-1093.00,44.0000,0.98,,"seeded from ""Human Services"""
21-1093.00,44.0701,0.98,,"seeded from ""Social Work"""
21-1094.00,44.0701,0.86,,"seeded from ""Social Work"""
21-1094.00,51.0701,0.82,"Health Care Management Major, B.S.","seeded from ""Health Care Management""; CIP shared"
21-1094.00,51.2201,0.98,,"seeded from ""Public Health"""
21-1094.00,51.2706,0.82,,"seeded from ""Health Care Information Systems Major"""
21-1094.00,51.3399,0.87,,"resolved from ""Integrative Health Care"""
21-1099.00,05.0201,0.80,,"seeded from ""Africana Studies"""
21-1099.00,05.0203,0.80,,"seeded from ""Chicano Studies"""
21-1099.00,44.0000,0.80,,"seeded from ""Human Services"""
21-1099.00,44.0701,0.98,,"seeded from ""Social Work"""
21-1099.00,45.1101,0.80,,"seeded from ""Sociology"""
21-2011.00,23.1304,0.90,,"seeded from ""Communication Studies"""
21-2011.00,52.0201,0.90,"Business Administration Major, B.S.","seeded from ""Business Administration""; CIP shared"
21-2011.00,52.0201,0.90,"Management Major, B.S.","seeded from ""Management""; CIP shared"
21-2021.00,13.1001,0.91,,"seeded from ""Special Education"""
21-2021.00,13.1210,0.98,,"seeded from ""Early Childhood Education"""
21-2021.00,13.1302,0.98,,"seeded from ""Art Education"""
21-2021.00,13.1312,0.91,,"seeded from ""Music Education"""
21-2021.00,13.1314,0.91,,"seeded from ""K-12 Physical Education"""
21-2099.00,44.0701,0.93,,"seeded from ""Social Work"""
23-1011.00,15.0201,0.98,,"seeded from ""Civil Engineering Technology"""
23-1011.00,38.0101,0.83,,"seeded from ""Philosophy"""
23-1011.00,43.0104,0.98,,"seeded from ""Criminal Justice and Criminology"""
23-1011.00,45.1001,0.83,,"seeded from ""Political Science"""
23-1011.00,52.2001,0.83,,"seeded from ""Construction Project Management"""
23-1012.00,38.0101,0.94,,"seeded from ""Philosophy"""
23-1012.00,40.0601,0.72,,"seeded from ""Applied Geology"""
23-1012.00,45.1001,0.94,,"seeded from ""Political Science"""
23-1021.00,44.0000,0.74,,"seeded from ""Human Services"""
23-1021.00,45.1001,0.88,,"seeded from ""Political Science"""
23-1021.00,51.0201,0.98,,"seeded from ""Speech, Language, Hearing Sciences"""
23-1022.00,09.0702,0.93,,"seeded from ""Media Production and Leadership"""
23-1023.00,15.0201,0.90,,"seeded from ""Civil Engineering Technology"""
23-1023.00,43.0104,0.98,,"seeded from ""Criminal Justice and Criminology"""
23-1023.00,45.1001,0.90,,"seeded from ""Political Science"""
23-1023.00,52.2001,0.78,,"seeded from ""Construction Project Management"""
23-2011.00,03.0104,0.89,,"seeded from ""Environmental Science"""
23-2011.00,26.0101,0.89,,"seeded from ""Biology"""
23-2011.00,26.0202,0.89,,"seeded from ""Biochemistry"""
23-2011.00,30.7001,0.89,,"seeded from ""Data Science and Machine Learning"""
23-2011.00,40.0501,0.89,,"seeded from ""Chemistry"""
23-2011.00,40.0601,0.89,,"seeded from ""Applied Geology"""
23-2093.00,52.0801,0.74,,"seeded from ""Finance"""
23-2093.00,52.1501,0.98,,"seeded from ""Real Estate"""
23-2093.00,54.0101,0.74,,"seeded from ""History"""
23-2099.00,38.0101,0.80,,"seeded from ""Philosophy"""
23-2099.00,44.0701,0.93,,"seeded from ""Social Work"""
25-1011.00,27.0101,0.89,,"seeded from ""Mathematics"""
25-1011.00,52.0201,0.98,"Business Administration Major, B.S.","seeded from ""Business Administration""; CIP shared"
25-1011.00,52.0201,0.88,"International Business Major, B.S.","seeded from ""International Business""; CIP shared"
25-1011.00,52.1001,0.95,,"seeded from ""Human Resource Management"""
25-1011.00,52.1399,0.84,,"seeded from ""Business Intelligence"""
25-1021.00,11.0701,0.98,,"seeded from ""Computer Science"""
25-1021.00,11.1003,0.98,"Computer Security Major, B.S.","seeded from ""Computer Security""; CIP shared"
25-1021.00,14.0901,0.98,,"seeded from ""Computer Engineering"""
25-1021.00,50.0404,0.80,,"seeded from ""Industrial Design"""
25-1021.00,52.0201,0.80,"Business Administration Major, B.S.","seeded from ""Business Administration""; CIP shared"
25-1021.00,52.1201,0.98,,"seeded from ""Computer Information Systems"""
25-1022.00,26.0202,0.72,,"seeded from ""Biochemistry"""
25-1022.00,27.0501,0.94,,"seeded from ""Statistical Science"""
25-1022.00,40.0601,0.72,,"seeded from ""Applied Geology"""
25-1031.00,03.0103,0.98,,"seeded from ""Environmental Sustainability"""
25-1031.00,03.0104,0.98,,"seeded from ""Environmental Science"""
25-1031.00,14.1401,0.98,,"seeded from ""Environmental Engineering"""
25-1031.00,40.0601,0.87,,"seeded from ""Applied Geology"""
25-1031.00,50.0404,0.90,,"seeded from ""Industrial Design"""
25-1032.00,14.0901,0.87,,"seeded from ""Computer Engineering"""
25-1032.00,14.1001,0.98,,"seeded from ""Electrical Engineering"""
25-1032.00,14.1401,0.87,,"seeded from ""Environmental Engineering"""
25-1032.00,15.0201,0.98,,"seeded from ""Civil Engineering Technology"""
25-1032.00,15.0613,0.84,"Advanced Manufacturing Sciences Major, B.S.","seeded from ""Advanced Manufacturing Sciences""; CIP shared"
25-1032.00,15.0805,0.98,,"seeded from ""Mechanical Engineering Technology"""
25-1041.00,03.0103,0.94,,"seeded from ""Environmental Sustainability"""
25-1041.00,03.0104,0.94,,"seeded from ""Environmental Science"""
25-1041.00,52.0201,0.94,"Business Administration Major, B.S.","seeded from ""Business Administration""; CIP shared"
25-1041.00,52.0201,0.94,"Management Major, B.S.","seeded from ""Management""; CIP shared"
25-1042.00,26.0101,0.94,,"seeded from ""Biology"""
25-1042.00,26.0202,0.94,,"seeded from ""Biochemistry"""
25-1042.00,40.0601,0.72,,"seeded from ""Applied Geology"""
25-1043.00,03.0103,0.94,,"seeded from ""Environmental Sustainability"""
25-1043.00,03.0104,0.94,,"seeded from ""Environmental Science"""
25-1043.00,40.0601,0.72,,"seeded from ""Applied Geology"""
25-1051.00,40.0401,0.83,,"seeded from ""Meteorology"""
25-1051.00,40.0501,0.98,,"seeded from ""Chemistry"""
25-1051.00,40.0601,0.83,,"seeded from ""Applied Geology"""
25-1051.00,40.0801,0.98,,"seeded from ""Physics"""
25-1052.00,27.0101,0.74,,"seeded from ""Mathematics"""
25-1052.00,27.0501,0.74,,"seeded from ""Statistical Science"""
25-1052.00,40.0501,0.98,,"seeded from ""Chemistry"""
25-1053.00,03.0103,0.98,,"seeded from ""Environmental Sustainability"""
25-1053.00,03.0104,0.98,,"seeded from ""Environmental Science"""
25-1053.00,14.1401,0.93,,"seeded from ""Environmental Engineering"""
25-1054.00,26.0202,0.65,,"seeded from ""Biochemistry"""
25-1054.00,40.0601,0.65,,"seeded from ""Applied Geology"""
25-1054.00,40.0801,0.98,,"seeded from ""Physics"""
25-1061.00,03.0104,0.89,,"seeded from ""Environmental Science"""
25-1061.00,26.0101,0.89,,"seeded from ""Biology"""
25-1061.00,26.0202,0.89,,"seeded from ""Biochemistry"""
25-1061.00,30.7001,0.89,,"seeded from ""Data Science and Machine Learning"""
25-1061.00,40.0501,0.89,,"seeded from ""Chemistry"""
25-1061.00,40.0601,0.89,,"seeded from ""Applied Geology"""
25-1062.00,26.0202,0.72,,"seeded from ""Biochemistry"""
25-1062.00,40.0601,0.72,,"seeded from ""Applied Geology"""
25-1062.00,45.0701,0.94,,"seeded from ""Geography"""
25-1063.00,03.0104,0.89,,"seeded from ""Environmental Science"""
25-1063.00,26.0101,0.89,,"seeded from ""Biology"""
25-1063.00,26.0202,0.89,,"seeded from ""Biochemistry"""
25-1063.00,30.7001,0.89,,"seeded from ""Data Science and Machine Learning"""
25-1063.00,40.0501,0.89,,"seeded from ""Chemistry"""
25-1063.00,40.0601,0.89,,"seeded from ""Applied Geology"""
25-1064.00,26.0202,0.66,,"seeded from ""Biochemistry"""
25-1064.00,40.0601,0.66,,"seeded from ""Applied Geology"""
25-1064.00,45.0701,0.98,,"seeded from ""Geography"""
25-1065.00,26.0202,0.65,,"seeded from ""Biochemistry"""
25-1065.00,40.0601,0.65,,"seeded from ""Applied Geology"""
25-1065.00,45.1001,0.98,,"seeded from ""Political Science"""
25-1066.00,42.2799,0.98,,"seeded from ""Psychology Major"""
25-1067.00,03.0104,0.89,,"seeded from ""Environmental Science"""
25-1067.00,26.0101,0.89,,"seeded from ""Biology"""
25-1067.00,26.0202,0.89,,"seeded from ""Biochemistry"""
25-1067.00,30.7001,0.89,,"seeded from ""Data Science and Machine Learning"""
25-1067.00,40.0501,0.89,,"seeded from ""Chemistry"""
25-1067.00,40.0601,0.89,,"seeded from ""Applied Geology"""
25-1069.00,13.1210,0.72,,"seeded from ""Early Childhood Education"""
25-1069.00,13.1302,0.72,,"seeded from ""Art Education"""
25-1069.00,44.0701,0.98,,"seeded from ""Social Work"""
25-1071.00,51.0701,0.84,"Health Care Management Major, B.S.","seeded from ""Health Care Management""; CIP shared"
25-1071.00,51.2201,0.98,,"seeded from ""Public Health"""
25-1071.00,51.3399,0.84,,"resolved from ""Integrative Health Care"""
25-1072.00,51.0701,0.72,"Health Care Management Major, B.S.","seeded from ""Health Care Management""; CIP shared"
25-1072.00,51.2201,0.80,,"seeded from ""Public Health"""
25-1081.00,13.1001,0.92,,"seeded from ""Special Education"""
25-1081.00,13.1210,0.98,,"seeded from ""Early Childhood Education"""
25-1081.00,13.1302,0.98,,"seeded from ""Art Education"""
25-1081.00,13.1312,0.92,,"seeded from ""Music Education"""
25-1081.00,13.1314,0.92,,"seeded from ""K-12 Physical Education"""
25-1082.00,03.0104,0.89,,"seeded from ""Environmental Science"""
25-1082.00,26.0101,0.89,,"seeded from ""Biology"""
25-1082.00,26.0202,0.89,,"seeded from ""Biochemistry"""
25-1082.00,30.7001,0.89,,"seeded from ""Data Science and Machine Learning"""
25-1082.00,40.0501,0.89,,"seeded from ""Chemistry"""
25-1082.00,40.0601,0.89,,"seeded from ""Applied Geology"""
25-1111.00,40.0601,0.62,,"seeded from ""Applied Geology"""
25-1111.00,43.0104,0.98,,"seeded from ""Criminal Justice and Criminology"""
25-1111.00,45.1001,0.70,,"seeded from ""Political Science"""
25-1112.00,26.0202,0.72,,"seeded from ""Biochemistry"""
25-1112.00,40.0601,0.72,,"seeded from ""Applied Geology"""
25-1112.00,45.1001,0.94,,"seeded from ""Political Science"""
25-1113.00,03.0104,0.89,,"seeded from ""Environmental Science"""
25-1113.00,26.0101,0.89,,"seeded from ""Biology"""
25-1113.00,26.0202,0.89,,"seeded from ""Biochemistry"""
25-1113.00,30.7001,0.89,,"seeded from ""Data Science and Machine Learning"""
25-1113.00,40.0501,0.89,,"seeded from ""Chemistry"""
25-1113.00,40.0601,0.89,,"seeded from ""Applied Geology"""
25-1121.00,40.0601,0.77,,"seeded from ""Applied Geology"""
25-1121.00,50.0702,0.88,,"seeded from ""Art"""
25-1121.00,50.0901,0.98,,"seeded from ""Music"""
25-1122.00,09.0402,0.85,,"seeded from ""Broadcast Journalism"""
25-1122.00,09.0900,0.98,,"seeded from ""Public Relations"""
25-1122.00,50.0401,0.83,,"seeded from ""Communication Design"""
25-1123.00,03.0104,0.89,,"seeded from ""Environmental Science"""
25-1123.00,26.0101,0.89,,"seeded from ""Biology"""
25-1123.00,26.0202,0.89,,"seeded from ""Biochemistry"""
25-1123.00,30.7001,0.89,,"seeded from ""Data Science and Machine Learning"""
25-1123.00,40.0501,0.89,,"seeded from ""Chemistry"""
25-1123.00,40.0601,0.89,,"seeded from ""Applied Geology"""
25-1124.00,03.0104,0.89,,"seeded from ""Environmental Science"""
25-1124.00,26.0101,0.89,,"seeded from ""Biology"""
25-1124.00,26.0202,0.89,,"seeded from ""Biochemistry"""
25-1124.00,30.7001,0.89,,"seeded from ""Data Science and Machine Learning"""
25-1124.00,40.0501,0.89,,"seeded from ""Chemistry"""
25-1124.00,40.0601,0.89,,"seeded from ""Applied Geology"""
25-1125.00,03.0104,0.89,,"seeded from ""Environmental Science"""
25-1125.00,26.0101,0.89,,"seeded from ""Biology"""
25-1125.00,26.0202,0.89,,"seeded from ""Biochemistry"""
25-1125.00,30.7001,0.89,,"seeded from ""Data Science and Machine Learning"""
25-1125.00,40.0501,0.89,,"seeded from ""Chemistry"""
25-1125.00,40.0601,0.89,,"seeded from ""Applied Geology"""
25-1126.00,03.0104,0.89,,"seeded from ""Environmental Science"""
25-1126.00,26.0101,0.89,,"seeded from ""Biology"""
25-1126.00,26.0202,0.89,,"seeded from ""Biochemistry"""
25-1126.00,30.7001,0.89,,"seeded from ""Data Science and Machine Learning"""
25-1126.00,40.0501,0.89,,"seeded from ""Chemistry"""
25-1126.00,40.0601,0.89,,"seeded from ""Applied Geology"""
25-1192.00,30.1901,0.88,"Nutrition and Dietetics Major, B.S.","seeded from ""Nutrition and Dietetics""; CIP shared"
25-1192.00,30.1901,0.88,"Nutrition Science Major, B.S.","seeded from ""Nutrition Science""; CIP shared"
25-1192.00,42.2703,0.98,,"seeded from ""Human Development and Family Studies"""
25-1192.00,51.0001,0.88,"Sport Nutrition Major, B.S.","seeded from ""Sport Nutrition""; CIP shared"
25-1192.00,52.0801,0.88,,"seeded from ""Finance"""
25-1193.00,31.0504,0.98,,"seeded from ""Sport Management"""
25-1193.00,52.0201,0.83,"Business Administration Major, B.S.","seeded from ""Business Administration""; CIP shared"
25-1193.00,52.0201,0.83,"Management Major, B.S.","seeded from ""Management""; CIP shared"
25-1193.00,52.0907,0.83,,"seeded from ""Event and Meeting Management"""
25-1194.00,13.1001,0.92,,"seeded from ""Special Education"""
25-1194.00,13.1210,0.98,,"seeded from ""Early Childhood Education"""
25-1194.00,13.1302,0.98,,"seeded from ""Art Education"""
25-1194.00,13.1312,0.92,,"seeded from ""Music Education"""
25-1194.00,13.1314,0.92,,"seeded from ""K-12 Physical Education"""
25-1199.00,13.1001,0.90,,"seeded from ""Special Education"""
25-1199.00,13.1210,0.90,,"seeded from ""Early Childhood Education"""
25-1199.00,13.1302,0.90,,"seeded from ""Art Education"""
25-1199.00,13.1312,0.90,,"seeded from ""Music Education"""
25-1199.00,13.1314,0.90,,"seeded from ""K-12 Physical Education"""
25-2011.00,13.1001,0.70,,"seeded from ""Special Education"""
25-2011.00,13.1210,0.98,,"seeded from ""Early Childhood Education"""
25-2011.00,42.2703,0.82,,"seeded from ""Human Development and Family Studies"""
25-2012.00,13.1001,0.70,,"seeded from ""Special Education"""
25-2012.00,13.1210,0.98,,"seeded from ""Early Childhood Education"""
25-2012.00,42.2703,0.82,,"seeded from ""Human Development and Family Studies"""
25-2021.00,13.1001,0.74,,"seeded from ""Special Education"""
25-2022.00,13.1001,0.98,,"seeded from ""Special Education"""
25-2022.00,13.1210,0.91,,"seeded from ""Early Childhood Education"""
25-2022.00,13.1302,0.91,,"seeded from ""Art Education"""
25-2022.00,13.1312,0.87,,"seeded from ""Music Education"""
25-2022.00,13.1314,0.87,,"seeded from ""K-12 Physical Education"""
25-2023.00,13.1001,0.92,,"seeded from ""Special Education"""
25-2023.00,13.1210,0.98,,"seeded from ""Early Childhood Education"""
25-2023.00,13.1302,0.98,,"seeded from ""Art Education"""
25-2023.00,13.1312,0.92,,"seeded from ""Music Education"""
25-2023.00,13.1314,0.92,,"seeded from ""K-12 Physical Education"""
25-2031.00,13.1001,0.98,,"seeded from ""Special Education"""
25-2031.00,13.1210,0.91,,"seeded from ""Early Childhood Education"""
25-2031.00,13.1302,0.91,,"seeded from ""Art Education"""
25-2031.00,13.1312,0.87,,"seeded from ""Music Education"""
25-2031.00,13.1314,0.87,,"seeded from ""K-12 Physical Education"""
25-2032.00,13.1001,0.92,,"seeded from ""Special Education"""
25-2032.00,13.1210,0.98,,"seeded from ""Early Childhood Education"""
25-2032.00,13.1302,0.98,,"seeded from ""Art Education"""
25-2032.00,13.1312,0.92,,"seeded from ""Music Education"""
25-2032.00,13.1314,0.92,,"seeded from ""K-12 Physical Education"""
25-2051.00,13.1001,0.98,,"seeded from ""Special Education"""
25-2055.00,13.1001,0.98,,"seeded from ""Special Education"""
25-2056.00,13.1001,0.98,,"seeded from ""Special Education"""
25-2057.00,13.1001,0.98,,"seeded from ""Special Education"""
25-2058.00,13.1001,0.98,,"seeded from ""Special Education"""
25-2059.00,13.1001,0.98,,"seeded from ""Special Education"""
25-2059.01,13.1001,0.85,,"seeded from ""Special Education"""
25-2059.01,13.1210,0.83,,"seeded from ""Early Childhood Education"""
25-2059.01,13.1302,0.83,,"seeded from ""Art Education"""
25-2059.01,13.1314,0.98,,"seeded from ""K-12 Physical Education"""
25-3011.00,13.1210,0.98,,"seeded from ""Early Childhood Education"""
25-3011.00,13.1302,0.98,,"seeded from ""Art Education"""
25-3011.00,13.1312,0.91,,"seeded from ""Music Education"""
25-3011.00,13.1314,0.91,,"seeded from ""K-12 Physical Education"""
25-3011.00,23.0101,0.98,,"seeded from ""English"""
25-3021.00,13.1210,0.75,,"seeded from ""Early Childhood Education"""
25-3021.00,13.1302,0.75,,"seeded from ""Art Education"""
25-3021.00,13.1314,0.95,,"seeded from ""K-12 Physical Education"""
25-3021.00,31.0504,0.95,,"seeded from ""Sport Management"""
25-3021.00,52.0907,0.75,,"seeded from ""Event and Meeting Management"""
25-3031.00,13.1001,0.94,,"seeded from ""Special Education"""
25-3031.00,13.1210,0.94,,"seeded from ""Early Childhood Education"""
25-3031.00,13.1302,0.94,,"seeded from ""Art Education"""
25-3031.00,13.1312,0.94,,"seeded from ""Music Education"""
25-3031.00,13.1314,0.94,,"seeded from ""K-12 Physical Education"""
25-3041.00,23.1304,0.90,,"seeded from ""Communication Studies"""
25-3041.00,52.0201,0.90,"Business Administration Major, B.S.","seeded from ""Business Administration""; CIP shared"
25-3041.00,52.0201,0.90,"Management Major, B.S.","seeded from ""Management""; CIP shared"
25-3099.00,13.1001,0.90,,"seeded from ""Special Education"""
25-3099.00,13.1210,0.90,,"seeded from ""Early Childhood Education"""
25-3099.00,13.1302,0.90,,"seeded from ""Art Education"""
25-3099.00,13.1312,0.90,,"seeded from ""Music Education"""
25-3099.00,13.1314,0.90,,"seeded from ""K-12 Physical Education"""
25-4011.00,26.0202,0.72,,"seeded from ""Biochemistry"""
25-4011.00,40.0601,0.72,,"seeded from ""Applied Geology"""
25-4011.00,40.0801,0.94,,"seeded from ""Physics"""
25-4012.00,13.0501,0.94,,"seeded from ""Instructional Design and Technology"""
25-4012.00,13.1001,0.94,,"seeded from ""Special Education"""
25-4013.00,03.0104,0.89,,"seeded from ""Environmental Science"""
25-4013.00,26.0101,0.89,,"seeded from ""Biology"""
25-4013.00,26.0202,0.89,,"seeded from ""Biochemistry"""
25-4013.00,30.7001,0.89,,"seeded from ""Data Science and Machine Learning"""
25-4013.00,40.0501,0.89,,"seeded from ""Chemistry"""
25-4013.00,40.0601,0.89,,"seeded from ""Applied Geology"""
25-4022.00,09.0702,0.98,,"seeded from ""Media Production and Leadership"""
25-4022.00,10.0105,0.88,,"resolved from ""Film Studies and Production"""
25-4022.00,50.0703,0.77,,"seeded from ""Art History, Theory, and Criticism"""
25-4031.00,09.0402,0.94,,"seeded from ""Broadcast Journalism"""
25-4031.00,09.0702,0.94,,"seeded from ""Media Production and Leadership"""
25-4031.00,50.0703,0.72,,"seeded from ""Art History, Theory, and Criticism"""
25-9021.00,30.1901,0.93,"Nutrition and Dietetics Major, B.S.","seeded from ""Nutrition and Dietetics""; CIP shared"
25-9021.00,30.1901,0.93,"Nutrition Science Major, B.S.","seeded from ""Nutrition Science""; CIP shared"
25-9021.00,51.0001,0.93,"Sport Nutrition Major, B.S.","seeded from ""Sport Nutrition""; CIP shared"
25-9021.00,52.0201,0.98,"Business Administration Major, B.S.","seeded from ""Business Administration""; CIP shared"
25-9021.00,52.0201,0.98,"Management Major, B.S.","seeded from ""Management""; CIP shared"
25-9021.00,52.0299,0.87,"Operations Management Major, B.S.","seeded from ""Operations Management""; CIP shared"
25-9031.00,13.0501,0.98,,"seeded from ""Instructional Design and Technology"""
25-9031.00,13.1001,0.82,,"seeded from ""Special Education"""
25-9031.00,13.1314,0.82,,"seeded from ""K-12 Physical Education"""
25-9042.00,13.1001,0.98,,"seeded from ""Special Education"""
25-9042.00,13.1210,0.86,,"seeded from ""Early Childhood Education"""
25-9042.00,13.1302,0.83,,"seeded from ""Art Education"""
25-9043.00,13.1001,0.98,,"seeded from ""Special Education"""
25-9043.00,13.1210,0.88,,"seeded from ""Early Childhood Education"""
25-9043.00,13.1302,0.85,,"seeded from ""Art Education"""
25-9043.00,13.1314,0.85,,"seeded from ""K-12 Physical Education"""
25-9044.00,13.0501,0.94,,"seeded from ""Instructional Design and Technology"""
25-9044.00,13.1001,0.94,,"seeded from ""Special Education"""
25-9049.00,23.1304,0.90,,"seeded from ""Communication Studies"""
25-9049.00,52.0201,0.90,"Business Administration Major, B.S.","seeded from ""Business Administration""; CIP shared"
25-9049.00,52.0201,0.90,"Management Major, B.S.","seeded from ""Management""; CIP shared"
25-9099.00,13.1210,0.93,,"seeded from ""Early Childhood Education"""
25-9099.00,13.1302,0.93,,"seeded from ""Art Education"""
25-9099.00,13.1312,0.93,,"seeded from ""Music Education"""
25-9099.00,13.1314,0.93,,"seeded from ""K-12 Physical Education"""
25-9099.00,44.0701,0.93,,"seeded from ""Social Work"""
27-1011.00,09.0702,0.98,,"seeded from ""Media Production and Leadership"""
27-1011.00,10.0105,0.98,,"seeded from ""Video Production"""
27-1012.00,50.0702,0.95,,"seeded from ""Art"""
27-1013.00,09.0402,0.71,,"seeded from ""Broadcast Journalism"""
27-1013.00,09.0702,0.71,,"seeded from ""Media Production and Leadership"""
27-1013.00,50.0702,0.98,,"seeded from ""Art"""
27-1014.00,09.0402,0.78,,"seeded from ""Broadcast Journalism"""
27-1014.00,09.0702,0.98,,"seeded from ""Media Production and Leadership"""
27-1014.00,10.0105,0.98,,"seeded from ""Video Production"""
27-1014.00,50.0702,0.78,,"seeded from ""Art"""
27-1014.00,50.0901,0.90,,"seeded from ""Music"""
27-1019.00,44.0701,0.93,,"seeded from ""Social Work"""
27-1019.00,50.0702,0.80,,"seeded from ""Art"""
27-1021.00,15.0613,0.79,"Advanced Manufacturing Sciences Major, B.S.","seeded from ""Advanced Manufacturing Sciences""; CIP shared"
27-1021.00,50.0404,0.98,,"seeded from ""Industrial Design"""
27-1021.00,52.1401,0.79,,"seeded from ""Marketing"""
27-1022.00,50.0401,0.94,,"seeded from ""Communication Design"""
27-1022.00,50.0404,0.94,,"seeded from ""Industrial Design"""
27-1022.00,50.0702,0.94,,"seeded from ""Art"""
27-1023.00,50.0401,0.94,,"seeded from ""Communication Design"""
27-1023.00,50.0404,0.94,,"seeded from ""Industrial Design"""
27-1023.00,50.0702,0.94,,"seeded from ""Art"""
27-1024.00,50.0401,0.98,,"seeded from ""Communication Design"""
27-1024.00,50.0404,0.76,,"seeded from ""Industrial Design"""
27-1024.00,50.0702,0.76,,"seeded from ""Art"""
27-1025.00,50.0401,0.94,,"seeded from ""Communication Design"""
27-1025.00,50.0404,0.94,,"seeded from ""Industrial Design"""
27-1025.00,50.0702,0.94,,"seeded from ""Art"""
27-1026.00,52.0201,0.90,"International Business Major, B.S.","seeded from ""International Business""; CIP shared"
27-1027.00,09.0702,0.98,,"seeded from ""Media Production and Leadership"""
27-1027.00,10.0105,0.98,,"seeded from ""Video Production"""
27-1029.00,50.0401,0.90,,"seeded from ""Communication Design"""
27-1029.00,50.0702,0.90,,"seeded from ""Art"""
27-2011.00,09.0402,0.82,,"seeded from ""Broadcast Journalism"""
27-2011.00,09.0702,0.93,,"seeded from ""Media Production and Leadership"""
27-2011.00,10.0105,0.98,,"seeded from ""Video Production"""
27-2011.00,50.0301,0.82,,"seeded from ""Dance"""
27-2011.00,50.0501,0.82,,"seeded from ""Theatre"""
27-2012.00,09.0702,0.98,,"seeded from ""Media Production and Leadership"""
27-2012.00,10.0105,0.94,,"seeded from ""Video Production"""
27-2012.03,09.0402,0.90,,"seeded from ""Broadcast Journalism"""
27-2012.03,09.0702,0.98,,"seeded from ""Media Production and Leadership"""
27-2012.03,10.0105,0.74,,"resolved from ""Film Studies and Production"""
27-2012.04,09.0402,0.78,,"seeded from ""Broadcast Journalism"""
27-2012.04,09.0702,0.87,,"seeded from ""Media Production and Leadership"""
27-2012.04,10.0105,0.98,,"resolved from ""Film Studies and Production"""
27-2012.05,09.0402,0.90,,"seeded from ""Broadcast Journalism"""
27-2012.05,09.0702,0.98,,"seeded from ""Media Production and Leadership"""
27-2012.05,09.0908,0.92,,"seeded from ""Technical Writing and Editing"""
27-2021.00,31.0504,0.98,,"seeded from ""Sport Management"""
27-2021.00,51.0001,0.91,"Sport Nutrition Major, B.S.","seeded from ""Sport Nutrition""; CIP shared"
27-2021.00,52.0907,0.78,,"seeded from ""Event and Meeting Management"""
27-2022.00,13.1314,0.70,,"seeded from ""K-12 Physical Education"""
27-2022.00,31.0504,0.98,,"seeded from ""Sport Management"""
27-2022.00,51.0001,0.85,"Sport Nutrition Major, B.S.","seeded from ""Sport Nutrition""; CIP shared"
27-2023.00,31.0504,0.98,,"seeded from ""Sport Management"""
27-2023.00,51.0001,0.84,"Sport Nutrition Major, B.S.","seeded from ""Sport Nutrition""; CIP shared"
27-2023.00,52.0907,0.78,,"seeded from ""Event and Meeting Management"""
27-2031.00,10.0105,0.84,,"seeded from ""Video Production"""
27-2031.00,50.0301,0.98,,"seeded from ""Dance"""
27-2032.00,50.0301,0.98,,"seeded from ""Dance"""
27-2032.00,50.0501,0.78,,"seeded from ""Theatre"""
27-2032.00,50.0703,0.65,,"seeded from ""Art History, Theory, and Criticism"""
27-2041.00,10.0105,0.74,,"resolved from ""Film Studies and Production"""
27-2041.00,50.0702,0.74,,"seeded from ""Art"""
27-2041.00,50.0901,0.98,,"seeded from ""Music"""
27-2042.00,10.0105,0.84,,"seeded from ""Video Production"""
27-2042.00,50.0901,0.98,,"seeded from ""Music"""
27-2091.00,09.0402,0.83,,"seeded from ""Broadcast Journalism"""
27-2091.00,50.0703,0.68,,"seeded from ""Art History, Theory, and Criticism"""
27-2091.00,50.0901,0.98,,"seeded from ""Music"""
27-2099.00,31.0504,0.98,,"seeded from ""Sport Management"""
27-2099.00,44.0701,0.75,,"seeded from ""Social Work"""
27-2099.00,51.0001,0.89,"Sport Nutrition Major, B.S.","seeded from ""Sport Nutrition""; CIP shared"
27-3011.00,09.0401,0.80,,"seeded from ""Journalism"""
27-3011.00,09.0402,0.98,,"seeded from ""Broadcast Journalism"""
27-3011.00,09.0702,0.84,,"seeded from ""Media Production and Leadership"""
27-3023.00,09.0401,0.82,,"seeded from ""Journalism"""
27-3023.00,09.0402,0.98,,"seeded from ""Broadcast Journalism"""
27-3023.00,09.0702,0.79,,"seeded from ""Media Production and Leadership"""
27-3031.00,09.0402,0.70,,"seeded from ""Broadcast Journalism"""
27-3031.00,09.0900,0.98,,"seeded from ""Public Relations"""
27-3031.00,50.0401,0.70,,"seeded from ""Communication Design"""
27-3041.00,09.0401,0.90,,"seeded from ""Journalism"""
27-3041.00,09.0908,0.90,,"seeded from ""Technical Writing and Editing"""
27-3041.00,10.0105,0.90,,"seeded from ""Video Production"""
27-3041.00,23.0101,0.90,,"seeded from ""English"""
27-3042.00,09.0908,0.98,,"seeded from ""Technical Writing and Editing"""
27-3042.00,15.0613,0.65,"Advanced Manufacturing Sciences Major, B.S.","seeded from ""Advanced Manufacturing Sciences""; CIP shared"
27-3042.00,23.0101,0.86,,"seeded from ""English"""
27-3043.00,09.0401,0.75,,"seeded from ""Journalism"""
27-3043.00,09.0908,0.75,,"seeded from ""Technical Writing and Editing"""
27-3043.00,23.0101,0.95,,"seeded from ""English"""
27-3043.00,23.1304,0.75,,"seeded from ""Communication Studies"""
27-3043.00,38.0101,0.75,,"seeded from ""Philosophy"""
27-3043.05,09.0401,0.90,,"seeded from ""Journalism"""
27-3043.05,09.0908,0.90,,"seeded from ""Technical Writing and Editing"""
27-3043.05,23.0101,0.90,,"seeded from ""English"""
27-3043.05,23.1304,0.90,,"seeded from ""Communication Studies"""
27-3043.05,38.0101,0.90,,"seeded from ""Philosophy"""
27-3043.05,44.0701,0.90,,"seeded from ""Social Work"""
27-3091.00,16.0101,0.85,"World Languages Major, B.A. Option I","resolved from ""World Languages"""
27-3091.00,16.0102,0.98,,"seeded from ""Linguistics"""
27-3091.00,51.0201,0.85,,"seeded from ""Speech, Language, Hearing Sciences"""
27-3092.00,51.0201,0.98,,"seeded from ""Speech, Language, Hearing Sciences"""
27-3092.00,51.0701,0.68,"Aging Services Leadership Major, B.S.","seeded from ""Aging Services Leadership""; CIP shared"
27-3092.00,51.2706,0.83,,"seeded from ""Health Care Information Systems Major"""
27-3099.00,09.0402,0.80,,"seeded from ""Broadcast Journalism"""
27-3099.00,09.0702,0.98,,"seeded from ""Media Production and Leadership"""
27-3099.00,50.0401,0.98,,"seeded from ""Communication Design"""
27-4011.00,10.0105,0.98,,"seeded from ""Video Production"""
27-4011.00,50.0901,0.84,,"seeded from ""Music"""
27-4012.00,09.0402,0.98,,"seeded from ""Broadcast Journalism"""
27-4012.00,09.0702,0.86,,"seeded from ""Media Production and Leadership"""
27-4012.00,50.0901,0.81,,"seeded from ""Music"""
27-4014.00,09.0702,0.88,,"seeded from ""Media Production and Leadership"""
27-4014.00,10.0105,0.93,,"seeded from ""Video Production"""
27-4014.00,14.1001,0.86,,"seeded from ""Electrical Engineering"""
27-4014.00,15.0201,0.98,,"seeded from ""Civil Engineering Technology"""
27-4014.00,15.0613,0.92,"Advanced Manufacturing Sciences Major, B.S.","seeded from ""Advanced Manufacturing Sciences""; CIP shared"
27-4015.00,09.0702,0.93,,"seeded from ""Media Production and Leadership"""
27-4015.00,10.0105,0.98,,"seeded from ""Video Production"""
27-4015.00,14.1001,0.88,,"seeded from ""Electrical Engineering"""
27-4015.00,15.0613,0.82,"Advanced Manufacturing Operations Major, B.S.","seeded from ""Advanced Manufacturing Operations""; CIP shared"
27-4015.00,15.0613,0.82,"Advanced Manufacturing Sciences Major, B.S.","seeded from ""Advanced Manufacturing Sciences""; CIP shared"
27-4021.00,11.0701,0.85,,"seeded from ""Computer Science"""
27-4021.00,14.0901,0.98,,"seeded from ""Computer Engineering"""
27-4021.00,15.0613,0.85,"Advanced Manufacturing Operations Major, B.S.","seeded from ""Advanced Manufacturing Operations""; CIP shared"
27-4021.00,15.0613,0.85,"Advanced Manufacturing Sciences Major, B.S.","seeded from ""Advanced Manufacturing Sciences""; CIP shared"
27-4021.00,50.0404,0.85,,"seeded from ""Industrial Design"""
27-4021.00,52.1201,0.85,,"seeded from ""Computer Information Systems"""
27-4031.00,09.0702,0.84,,"seeded from ""Media Production and Leadership"""
27-4031.00,10.0105,0.95,,"seeded from ""Video Production"""
27-4032.00,09.0702,0.90,,"seeded from ""Media Production and Leadership"""
27-4032.00,10.0105,0.95,,"seeded from ""Video Production"""
27-4099.00,09.0402,0.80,,"seeded from ""Broadcast Journalism"""
27-4099.00,09.0702,0.98,,"seeded from ""Media Production and Leadership"""
27-4099.00,50.0401,0.98,,"seeded from ""Communication Design"""
29-1011.00,51.0701,0.75,"Health Care Management Major, B.S.","seeded from ""Health Care Management""; CIP shared"
29-1011.00,51.2706,0.75,,"seeded from ""Health Care Information Systems Major"""
29-1011.00,51.3399,0.95,,"resolved from ""Integrative Health Care"""
29-1021.00,51.0701,0.83,"Health Care Management Major, B.S.","seeded from ""Health Care Management""; CIP shared"
29-1021.00,51.2201,0.83,,"seeded from ""Public Health"""
29-1021.00,51.2706,0.83,,"seeded from ""Health Care Information Systems Major"""
29-1021.00,51.3399,0.83,,"resolved from ""Integrative Health Care"""
29-1022.00,51.2201,0.90,,"seeded from ""Public Health"""
29-1023.00,50.0404,0.94,,"seeded from ""Industrial Design"""
29-1023.00,51.0701,0.72,"Aging Services Leadership Major, B.S.","seeded from ""Aging Services Leadership""; CIP shared"
29-1024.00,50.0404,0.78,,"seeded from ""Industrial Design"""
29-1024.00,51.0701,0.78,"Health Care Management Major, B.S.","seeded from ""Health Care Management""; CIP shared"
29-1024.00,51.2706,0.78,,"seeded from ""Health Care Information Systems Major"""
29-1024.00,51.3399,0.90,,"resolved from ""Integrative Health Care"""
29-1029.00,13.1001,0.93,,"seeded from ""Special Education"""
29-1031.00,30.1901,0.98,"Nutrition and Dietetics Major, B.S.","seeded from ""Nutrition and Dietetics""; CIP shared"
29-1031.00,30.1901,0.90,"Nutrition Science Major, B.S.","seeded from ""Nutrition Science""; CIP shared"
29-1031.00,51.0001,0.74,"Sport Nutrition Major, B.S.","seeded from ""Sport Nutrition""; CIP shared"
29-1031.00,51.2201,0.76,,"seeded from ""Public Health"""
29-1041.00,42.2703,0.90,,"seeded from ""Human Development and Family Studies"""
29-1041.00,44.0000,0.90,,"seeded from ""Human Services"""
29-1041.00,51.2201,0.90,,"seeded from ""Public Health"""
29-1041.00,52.1001,0.90,,"seeded from ""Human Resource Management"""
29-1051.00,26.0101,0.72,,"seeded from ""Biology"""
29-1051.00,26.0202,0.82,,"seeded from ""Biochemistry"""
29-1051.00,40.0501,0.80,,"seeded from ""Chemistry"""
29-1051.00,51.0701,0.70,"Health Care Management Major, B.S.","seeded from ""Health Care Management""; CIP shared"
29-1071.00,13.1314,0.75,,"seeded from ""K-12 Physical Education"""
29-1071.00,51.3399,0.95,,"resolved from ""Integrative Health Care"""
29-1071.01,51.0701,0.79,"Health Care Management Major, B.S.","seeded from ""Health Care Management""; CIP shared"
29-1071.01,51.2706,0.79,,"seeded from ""Health Care Information Systems Major"""
29-1071.01,51.3399,0.91,,"resolved from ""Integrative Health Care"""
29-1081.00,42.2703,0.90,,"seeded from ""Human Development and Family Studies"""
29-1081.00,44.0000,0.90,,"seeded from ""Human Services"""
29-1081.00,51.2201,0.90,,"seeded from ""Public Health"""
29-1081.00,52.1001,0.90,,"seeded from ""Human Resource Management"""
29-1122.00,23.1304,0.90,,"seeded from ""Communication Studies"""
29-1122.00,52.0201,0.90,"Business Administration Major, B.S.","seeded from ""Business Administration""; CIP shared"
29-1122.00,52.0201,0.90,"Management Major, B.S.","seeded from ""Management""; CIP shared"
29-1122.01,11.0701,0.94,,"seeded from ""Computer Science"""
29-1122.01,11.1003,0.94,"Computer Security Major, B.S.","seeded from ""Computer Security""; CIP shared"
29-1122.01,14.0901,0.94,,"seeded from ""Computer Engineering"""
29-1122.01,52.0201,0.94,"Business Administration Major, B.S.","seeded from ""Business Administration""; CIP shared"
29-1122.01,52.0201,0.94,"Management Major, B.S.","seeded from ""Management""; CIP shared"
29-1122.01,52.1201,0.94,,"seeded from ""Computer Information Systems"""
29-1123.00,13.1314,0.98,,"seeded from ""K-12 Physical Education"""
29-1123.00,51.2201,0.72,,"seeded from ""Public Health"""
29-1124.00,51.0701,0.75,"Health Care Management Major, B.S.","seeded from ""Health Care Management""; CIP shared"
29-1124.00,51.2706,0.75,,"seeded from ""Health Care Information Systems Major"""
29-1124.00,51.3399,0.95,,"resolved from ""Integrative Health Care"""
29-1124.00,54.0101,0.75,,"seeded from ""History"""
29-1125.00,44.0701,0.83,,"seeded from ""Social Work"""
29-1125.00,51.0001,0.83,"Sport Nutrition Major, B.S.","seeded from ""Sport Nutrition""; CIP shared"
29-1125.00,51.3399,0.83,,"resolved from ""Integrative Health Care"""
29-1126.00,51.0701,0.83,"Health Care Management Major, B.S.","seeded from ""Health Care Management""; CIP shared"
29-1126.00,51.2706,0.83,,"seeded from ""Health Care Information Systems Major"""
29-1126.00,51.3399,0.98,,"resolved from ""Integrative Health Care"""
29-1127.00,13.1001,0.70,,"seeded from ""Special Education"""
29-1127.00,51.0201,0.98,,"seeded from ""Speech, Language, Hearing Sciences"""
29-1128.00,13.1314,0.78,,"seeded from ""K-12 Physical Education"""
29-1128.00,31.0505,0.98,,"seeded from ""Exercise Science"""
29-1128.00,51.9999,0.67,,"resolved from ""Lifestyle Medicine"""
29-1129.00,23.1304,0.90,,"seeded from ""Communication Studies"""
29-1129.00,52.0201,0.90,"Business Administration Major, B.S.","seeded from ""Business Administration""; CIP shared"
29-1129.00,52.0201,0.90,"Management Major, B.S.","seeded from ""Management""; CIP shared"
29-1129.01,13.1302,0.90,,"seeded from ""Art Education"""
29-1129.01,13.1314,0.90,,"seeded from ""K-12 Physical Education"""
29-1129.01,50.0702,0.90,,"seeded from ""Art"""
29-1129.01,50.0703,0.90,,"seeded from ""Art History, Theory, and Criticism"""
29-1129.02,50.0901,0.98,,"seeded from ""Music"""
29-1131.00,03.0104,0.89,,"seeded from ""Environmental Science"""
29-1131.00,26.0101,0.89,,"seeded from ""Biology"""
29-1131.00,26.0202,0.89,,"seeded from ""Biochemistry"""
29-1131.00,30.7001,0.89,,"seeded from ""Data Science and Machine Learning"""
29-1131.00,40.0501,0.89,,"seeded from ""Chemistry"""
29-1131.00,40.0601,0.89,,"seeded from ""Applied Geology"""
29-1141.00,51.0701,0.72,"Health Care Management Major, B.S.","seeded from ""Health Care Management""; CIP shared"
29-1141.00,51.2201,0.80,,"seeded from ""Public Health"""
29-1141.01,51.0701,0.72,"Health Care Management Major, B.S.","seeded from ""Health Care Management""; CIP shared"
29-1141.01,51.2201,0.80,,"seeded from ""Public Health"""
29-1141.02,51.0701,0.72,"Health Care Management Major, B.S.","seeded from ""Health Care Management""; CIP shared"
29-1141.02,51.2201,0.80,,"seeded from ""Public Health"""
29-1141.03,51.0701,0.72,"Health Care Management Major, B.S.","seeded from ""Health Care Management""; CIP shared"
29-1141.03,51.2201,0.80,,"seeded from ""Public Health"""
29-1141.04,51.0701,0.72,"Health Care Management Major, B.S.","seeded from ""Health Care Management""; CIP shared"
29-1141.04,51.2201,0.80,,"seeded from ""Public Health"""
29-1151.00,51.0701,0.72,"Health Care Management Major, B.S.","seeded from ""Health Care Management""; CIP shared"
29-1151.00,51.2201,0.80,,"seeded from ""Public Health"""
29-1161.00,51.0701,0.72,"Health Care Management Major, B.S.","seeded from ""Health Care Management""; CIP shared"
29-1161.00,51.2201,0.80,,"seeded from ""Public Health"""
29-1171.00,51.0701,0.72,"Health Care Management Major, B.S.","seeded from ""Health Care Management""; CIP shared"
29-1171.00,51.2201,0.80,,"seeded from ""Public Health"""
29-1181.00,13.1001,0.70,,"seeded from ""Special Education"""
29-1181.00,51.0201,0.98,,"seeded from ""Speech, Language, Hearing Sciences"""
29-1211.00,52.0201,0.94,"Business Administration Major, B.S.","seeded from ""Business Administration""; CIP shared"
29-1211.00,52.0201,0.94,"Management Major, B.S.","seeded from ""Management""; CIP shared"
29-1211.00,52.0301,0.72,,"seeded from ""Accounting"""
29-1212.00,51.2201,0.90,,"seeded from ""Public Health"""
29-1213.00,51.2201,0.94,,"seeded from ""Public Health"""
29-1213.00,51.3399,0.94,,"resolved from ""Integrative Health Care"""
29-1214.00,43.0202,0.94,,"seeded from ""Fire and Emergency Response Administration"""
29-1214.00,51.0701,0.78,"Health Care Management Major, B.S.","seeded from ""Health Care Management""; CIP shared"
29-1214.00,51.2706,0.78,,"seeded from ""Health Care Information Systems Major"""
29-1214.00,51.3399,0.98,,"resolved from ""Integrative Health Care"""
29-1214.00,51.9999,0.94,,"resolved from ""Lifestyle Medicine"""
29-1215.00,05.0201,0.65,,"seeded from ""Africana Studies"""
29-1215.00,42.2703,0.98,,"seeded from ""Human Development and Family Studies"""
29-1215.00,51.0701,0.65,"Aging Services Leadership Major, B.S.","seeded from ""Aging Services Leadership""; CIP shared"
29-1216.00,51.2706,0.71,,"seeded from ""Health Care Information Systems Major"""
29-1216.00,51.9999,0.94,,"resolved from ""Lifestyle Medicine"""
29-1217.00,51.2201,0.90,,"seeded from ""Public Health"""
29-1218.00,51.0701,0.83,"Health Care Management Major, B.S.","seeded from ""Health Care Management""; CIP shared"
29-1218.00,51.2201,0.83,,"seeded from ""Public Health"""
29-1218.00,51.2706,0.83,,"seeded from ""Health Care Information Systems Major"""
29-1218.00,51.3399,0.98,,"resolved from ""Integrative Health Care"""
29-1221.00,51.2201,0.90,,"seeded from ""Public Health"""
29-1221.00,51.3399,0.90,,"resolved from ""Integrative Health Care"""
29-1222.00,51.0201,0.94,,"seeded from ""Speech, Language, Hearing Sciences"""
29-1222.00,51.2201,0.94,,"seeded from ""Public Health"""
29-1222.00,51.3399,0.94,,"resolved from ""Integrative Health Care"""
29-1223.00,23.1304,0.90,,"seeded from ""Communication Studies"""
29-1223.00,52.0201,0.90,"Business Administration Major, B.S.","seeded from ""Business Administration""; CIP shared"
29-1223.00,52.0201,0.90,"Management Major, B.S.","seeded from ""Management""; CIP shared"
29-1224.00,51.2201,0.94,,"seeded from ""Public Health"""
29-1224.00,51.3399,0.94,,"resolved from ""Integrative Health Care"""
29-1224.00,51.9999,0.94,,"resolved from ""Lifestyle Medicine"""
29-1229.00,23.1304,0.90,,"seeded from ""Communication Studies"""
29-1229.00,52.0201,0.90,"Business Administration Major, B.S.","seeded from ""Business Administration""; CIP shared"
29-1229.00,52.0201,0.90,"Management Major, B.S.","seeded from ""Management""; CIP shared"
29-1229.01,51.2201,0.90,,"seeded from ""Public Health"""
29-1229.02,31.0505,0.78,,"seeded from ""Exercise Science"""
29-1229.02,43.0202,0.78,,"seeded from ""Fire and Emergency Response Administration"""
29-1229.02,51.2706,0.78,,"seeded from ""Health Care Information Systems Major"""
29-1229.02,51.3399,0.98,,"resolved from ""Integrative Health Care"""
29-1229.03,51.0701,0.72,"Aging Services Leadership Major, B.S.","seeded from ""Aging Services Leadership""; CIP shared"
29-1229.03,51.3399,0.94,,"resolved from ""Integrative Health Care"""
29-1229.04,13.1314,0.98,,"seeded from ""K-12 Physical Education"""
29-1229.04,31.0505,0.72,,"seeded from ""Exercise Science"""
29-1229.04,51.9999,0.98,,"resolved from ""Lifestyle Medicine"""
29-1229.05,51.2201,0.98,,"seeded from ""Public Health"""
29-1229.05,51.3399,0.85,,"resolved from ""Integrative Health Care"""
29-1229.05,51.9999,0.83,,"resolved from ""Lifestyle Medicine"""
29-1229.06,31.0504,0.98,,"seeded from ""Sport Management"""
29-1229.06,31.0505,0.87,,"seeded from ""Exercise Science"""
29-1229.06,51.0001,0.84,"Sport Nutrition Major, B.S.","seeded from ""Sport Nutrition""; CIP shared"
29-1229.06,51.9999,0.84,,"resolved from ""Lifestyle Medicine"""
29-1241.00,51.2201,0.90,,"seeded from ""Public Health"""
29-1242.00,51.2201,0.90,,"seeded from ""Public Health"""
29-1243.00,26.0202,0.72,,"seeded from ""Biochemistry"""
29-1243.00,51.0701,0.72,"Aging Services Leadership Major, B.S.","seeded from ""Aging Services Leadership""; CIP shared"
29-1243.00,51.2201,0.94,,"seeded from ""Public Health"""
29-1249.00,23.1304,0.90,,"seeded from ""Communication Studies"""
29-1249.00,52.0201,0.90,"Business Administration Major, B.S.","seeded from ""Business Administration""; CIP shared"
29-1249.00,52.0201,0.90,"Management Major, B.S.","seeded from ""Management""; CIP shared"
29-1291.00,30.1901,0.94,"Nutrition Science Major, B.S.","seeded from ""Nutrition Science""; CIP shared"
29-1291.00,51.0701,0.94,"Health Care Management Major, B.S.","seeded from ""Health Care Management""; CIP shared"
29-1291.00,51.2201,0.94,,"seeded from ""Public Health"""
29-1291.00,51.2706,0.94,,"seeded from ""Health Care Information Systems Major"""
29-1291.00,51.3399,0.94,,"resolved from ""Integrative Health Care"""
29-1292.00,51.0701,0.86,"Health Care Management Major, B.S.","seeded from ""Health Care Management""; CIP shared"
29-1292.00,51.2201,0.86,,"seeded from ""Public Health"""
29-1292.00,51.2706,0.86,,"seeded from ""Health Care Information Systems Major"""
29-1292.00,51.3399,0.92,,"resolved from ""Integrative Health Care"""
29-1299.00,51.0701,0.80,"Health Care Management Major, B.S.","seeded from ""Health Care Management""; CIP shared"
29-1299.00,51.2201,0.80,,"seeded from ""Public Health"""
29-1299.00,51.2706,0.80,,"seeded from ""Health Care Information Systems Major"""
29-1299.00,51.3399,0.98,,"resolved from ""Integrative Health Care"""
29-1299.01,15.0613,0.68,"Advanced Manufacturing Operations Major, B.S.","seeded from ""Advanced Manufacturing Operations""; CIP shared"
29-1299.01,15.0613,0.68,"Advanced Manufacturing Sciences Major, B.S.","seeded from ""Advanced Manufacturing Sciences""; CIP shared"
29-1299.01,15.0805,0.98,,"seeded from ""Mechanical Engineering Technology"""
29-1299.02,23.1304,0.90,,"seeded from ""Communication Studies"""
29-1299.02,52.0201,0.90,"Business Administration Major, B.S.","seeded from ""Business Administration""; CIP shared"
29-1299.02,52.0201,0.90,"Management Major, B.S.","seeded from ""Management""; CIP shared"
29-2011.00,26.0101,0.98,,"seeded from ""Biology"""
29-2011.00,26.0202,0.91,,"seeded from ""Biochemistry"""
29-2011.01,26.0101,0.90,,"seeded from ""Biology"""
29-2011.01,26.0202,0.90,,"seeded from ""Biochemistry"""
29-2011.01,51.2201,0.90,,"seeded from ""Public Health"""
29-2011.02,23.1304,0.90,,"seeded from ""Communication Studies"""
29-2011.02,52.0201,0.90,"Business Administration Major, B.S.","seeded from ""Business Administration""; CIP shared"
29-2011.02,52.0201,0.90,"Management Major, B.S.","seeded from ""Management""; CIP shared"
29-2011.04,26.0101,0.96,,"seeded from ""Biology"""
29-2011.04,30.1901,0.98,"Nutrition Science Major, B.S.","seeded from ""Nutrition Science""; CIP shared"
29-2011.04,40.0501,0.96,,"seeded from ""Chemistry"""
29-2011.04,51.0701,0.83,"Health Care Management Major, B.S.","seeded from ""Health Care Management""; CIP shared"
29-2011.04,51.2201,0.98,,"seeded from ""Public Health"""
29-2011.04,51.2706,0.83,,"seeded from ""Health Care Information Systems Major"""
29-2012.00,26.0101,0.98,,"seeded from ""Biology"""
29-2012.00,26.0202,0.91,,"seeded from ""Biochemistry"""
29-2012.01,03.0104,0.89,,"seeded from ""Environmental Science"""
29-2012.01,26.0101,0.89,,"seeded from ""Biology"""
29-2012.01,26.0202,0.89,,"seeded from ""Biochemistry"""
29-2012.01,30.7001,0.89,,"seeded from ""Data Science and Machine Learning"""
29-2012.01,40.0501,0.89,,"seeded from ""Chemistry"""
29-2012.01,40.0601,0.89,,"seeded from ""Applied Geology"""
29-2031.00,26.0101,0.90,,"seeded from ""Biology"""
29-2031.00,26.0202,0.90,,"seeded from ""Biochemistry"""
29-2031.00,40.0501,0.90,,"seeded from ""Chemistry"""
29-2031.00,51.3399,0.94,,"resolved from ""Integrative Health Care"""
29-2032.00,51.0701,0.72,"Aging Services Leadership Major, B.S.","seeded from ""Aging Services Leadership""; CIP shared"
29-2032.00,51.3399,0.94,,"resolved from ""Integrative Health Care"""
29-2033.00,26.0101,0.80,,"seeded from ""Biology"""
29-2033.00,30.1901,0.80,"Nutrition Science Major, B.S.","seeded from ""Nutrition Science""; CIP shared"
29-2033.00,40.0501,0.80,,"seeded from ""Chemistry"""
29-2033.00,51.3399,0.80,,"resolved from ""Integrative Health Care"""
29-2033.00,51.9999,0.98,,"resolved from ""Lifestyle Medicine"""
29-2034.00,26.0101,0.80,,"seeded from ""Biology"""
29-2034.00,26.0202,0.80,,"seeded from ""Biochemistry"""
29-2034.00,40.0501,0.80,,"seeded from ""Chemistry"""
29-2034.00,40.0801,0.83,,"seeded from ""Physics"""
29-2034.00,51.3399,0.83,,"resolved from ""Integrative Health Care"""
29-2035.00,11.0701,0.94,,"seeded from ""Computer Science"""
29-2035.00,11.1003,0.94,"Computer Security Major, B.S.","seeded from ""Computer Security""; CIP shared"
29-2035.00,14.0901,0.94,,"seeded from ""Computer Engineering"""
29-2035.00,52.1201,0.94,,"seeded from ""Computer Information Systems"""
29-2035.00,52.1399,0.94,,"seeded from ""Business Intelligence"""
29-2036.00,51.0701,0.72,"Aging Services Leadership Major, B.S.","seeded from ""Aging Services Leadership""; CIP shared"
29-2036.00,51.3399,0.94,,"resolved from ""Integrative Health Care"""
29-2042.00,43.0202,0.98,,"seeded from ""Fire and Emergency Response Administration"""
29-2042.00,44.0000,0.78,,"seeded from ""Human Services"""
29-2042.00,51.0701,0.80,"Health Care Management Major, B.S.","seeded from ""Health Care Management""; CIP shared"
29-2042.00,51.2706,0.80,,"seeded from ""Health Care Information Systems Major"""
29-2042.00,51.3399,0.93,,"resolved from ""Integrative Health Care"""
29-2043.00,43.0202,0.98,,"seeded from ""Fire and Emergency Response Administration"""
29-2043.00,44.0000,0.80,,"seeded from ""Human Services"""
29-2043.00,51.0701,0.83,"Health Care Management Major, B.S.","seeded from ""Health Care Management""; CIP shared"
29-2043.00,51.2706,0.83,,"seeded from ""Health Care Information Systems Major"""
29-2043.00,51.3399,0.98,,"resolved from ""Integrative Health Care"""
29-2051.00,30.1901,0.98,"Nutrition and Dietetics Major, B.S.","seeded from ""Nutrition and Dietetics""; CIP shared"
29-2051.00,30.1901,0.83,"Nutrition Science Major, B.S.","seeded from ""Nutrition Science""; CIP shared"
29-2051.00,51.0001,0.83,"Sport Nutrition Major, B.S.","seeded from ""Sport Nutrition""; CIP shared"
29-2051.00,52.0901,0.82,,"seeded from ""Hospitality Leadership"""
29-2052.00,26.0101,0.72,,"seeded from ""Biology"""
29-2052.00,26.0202,0.78,,"seeded from ""Biochemistry"""
29-2052.00,40.0501,0.75,,"seeded from ""Chemistry"""
29-2052.00,51.0701,0.70,"Health Care Management Major, B.S.","seeded from ""Health Care Management""; CIP shared"
29-2052.00,51.2201,0.82,,"seeded from ""Public Health"""
29-2052.00,51.3399,0.88,,"resolved from ""Integrative Health Care"""
29-2053.00,51.0701,0.86,"Health Care Management Major, B.S.","seeded from ""Health Care Management""; CIP shared"
29-2053.00,51.2706,0.86,,"seeded from ""Health Care Information Systems Major"""
29-2053.00,51.3399,0.98,,"resolved from ""Integrative Health Care"""
29-2055.00,52.0201,0.76,"Business Administration Major, B.S.","seeded from ""Business Administration""; CIP shared"
29-2056.00,26.0101,0.94,,"seeded from ""Biology"""
29-2056.00,30.1901,0.94,"Nutrition Science Major, B.S.","seeded from ""Nutrition Science""; CIP shared"
29-2056.00,40.0501,0.94,,"seeded from ""Chemistry"""
29-2056.00,51.2201,0.94,,"seeded from ""Public Health"""
29-2056.00,51.3399,0.94,,"resolved from ""Integrative Health Care"""
29-2057.00,51.2706,0.75,,"seeded from ""Health Care Information Systems Major"""
29-2057.00,51.3399,0.92,,"resolved from ""Integrative Health Care"""
29-2061.00,51.0701,0.72,"Health Care Management Major, B.S.","seeded from ""Health Care Management""; CIP shared"
29-2061.00,51.2201,0.80,,"seeded from ""Public Health"""
29-2072.00,51.2706,0.96,,"seeded from ""Health Care Information Systems Major"""
29-2072.00,51.3399,0.98,,"resolved from ""Integrative Health Care"""
29-2081.00,26.0101,0.94,,"seeded from ""Biology"""
29-2081.00,30.1901,0.94,"Nutrition Science Major, B.S.","seeded from ""Nutrition Science""; CIP shared"
29-2081.00,40.0501,0.94,,"seeded from ""Chemistry"""
29-2081.00,44.0701,0.94,,"seeded from ""Social Work"""
29-2081.00,50.0404,0.94,,"seeded from ""Industrial Design"""
29-2091.00,50.0404,0.94,,"seeded from ""Industrial Design"""
29-2091.00,50.0702,0.72,,"seeded from ""Art"""
29-2091.00,50.0703,0.72,,"seeded from ""Art History, Theory, and Criticism"""
29-2092.00,50.0404,0.77,,"seeded from ""Industrial Design"""
29-2092.00,51.0201,0.98,,"seeded from ""Speech, Language, Hearing Sciences"""
29-2092.00,51.0701,0.65,"Aging Services Leadership Major, B.S.","seeded from ""Aging Services Leadership""; CIP shared"
29-2099.00,51.0701,0.84,"Health Care Management Major, B.S.","seeded from ""Health Care Management""; CIP shared"
29-2099.00,51.2201,0.84,,"seeded from ""Public Health"""
29-2099.00,51.2706,0.84,,"seeded from ""Health Care Information Systems Major"""
29-2099.00,51.3399,0.84,,"resolved from ""Integrative Health Care"""
29-2099.01,23.1304,0.90,,"seeded from ""Communication Studies"""
29-2099.01,52.0201,0.90,"Business Administration Major, B.S.","seeded from ""Business Administration""; CIP shared"
29-2099.01,52.0201,0.90,"Management Major, B.S.","seeded from ""Management""; CIP shared"
29-2099.05,51.2706,0.75,,"seeded from ""Health Care Information Systems Major"""
29-2099.05,51.3399,0.92,,"resolved from ""Integrative Health Care"""
29-2099.08,30.1901,0.78,"Nutrition Science Major, B.S.","seeded from ""Nutrition Science""; CIP shared"
29-2099.08,51.0701,0.90,"Health Care Management Major, B.S.","seeded from ""Health Care Management""; CIP shared"
29-2099.08,51.2201,0.78,,"seeded from ""Public Health"""
29-2099.08,51.2706,0.90,,"seeded from ""Health Care Information Systems Major"""
29-2099.08,51.3399,0.98,,"resolved from ""Integrative Health Care"""
29-9021.00,51.2706,0.98,,"seeded from ""Health Care Information Systems Major"""
29-9021.00,51.3399,0.80,,"resolved from ""Integrative Health Care"""
29-9091.00,43.0104,0.72,,"seeded from ""Criminal Justice and Criminology"""
29-9091.00,43.0202,0.94,,"seeded from ""Fire and Emergency Response Administration"""
29-9091.00,54.0101,0.72,,"seeded from ""History"""
29-9092.00,42.2703,0.98,,"seeded from ""Human Development and Family Studies"""
29-9092.00,42.2799,0.78,,"seeded from ""Psychology Major"""
29-9092.00,44.0000,0.78,,"seeded from ""Human Services"""
29-9093.00,52.0201,0.94,"Business Administration Major, B.S.","seeded from ""Business Administration""; CIP shared"
29-9093.00,52.0299,0.94,"Operations Management Major, B.S.","seeded from ""Operations Management""; CIP shared"
29-9093.00,52.0301,0.72,,"seeded from ""Accounting"""
29-9099.00,09.0908,0.98,,"seeded from ""Technical Writing and Editing"""
29-9099.00,51.0701,0.80,"Health Care Management Major, B.S.","seeded from ""Health Care Management""; CIP shared"
29-9099.00,51.2201,0.80,,"seeded from ""Public Health"""
29-9099.00,51.2706,0.80,,"seeded from ""Health Care Information Systems Major"""
29-9099.00,51.3399,0.98,,"resolved from ""Integrative Health Care"""
29-9099.01,51.0701,0.90,"Health Care Management Major, B.S.","seeded from ""Health Care Management""; CIP shared"
29-9099.01,51.2706,0.90,,"seeded from ""Health Care Information Systems Major"""
29-9099.01,51.3399,0.90,,"resolved from ""Integrative Health Care"""
31-1121.00,51.0701,0.87,"Health Care Management Major, B.S.","seeded from ""Health Care Management""; CIP shared"
31-1121.00,51.2201,0.87,,"seeded from ""Public Health"""
31-1121.00,51.2706,0.87,,"seeded from ""Health Care Information Systems Major"""
31-1121.00,51.3399,0.98,,"resolved from ""Integrative Health Care"""
31-1122.00,05.0201,0.94,,"seeded from ""Africana Studies"""
31-1122.00,05.0203,0.94,,"seeded from ""Chicano Studies"""
31-1122.00,44.0000,0.94,,"seeded from ""Human Services"""
31-1122.00,44.0701,0.94,,"seeded from ""Social Work"""
31-1122.00,45.1101,0.94,,"seeded from ""Sociology"""
31-1131.00,51.0701,0.72,"Health Care Management Major, B.S.","seeded from ""Health Care Management""; CIP shared"
31-1131.00,51.2201,0.80,,"seeded from ""Public Health"""
31-1132.00,51.3399,0.90,,"resolved from ""Integrative Health Care"""
31-1133.00,51.3399,0.98,,"resolved from ""Integrative Health Care"""
31-2011.00,13.0501,0.90,,"seeded from ""Instructional Design and Technology"""
31-2011.00,23.1304,0.90,,"seeded from ""Communication Studies"""
31-2011.00,42.2703,0.90,,"seeded from ""Human Development and Family Studies"""
31-2011.00,45.1001,0.90,,"seeded from ""Political Science"""
31-2012.00,51.0701,0.72,"Aging Services Leadership Major, B.S.","seeded from ""Aging Services Leadership""; CIP shared"
31-2012.00,51.3399,0.94,,"resolved from ""Integrative Health Care"""
31-2021.00,31.0505,0.98,,"seeded from ""Exercise Science"""
31-2021.00,51.3399,0.79,,"resolved from ""Integrative Health Care"""
31-2022.00,31.0505,0.98,,"seeded from ""Exercise Science"""
31-2022.00,51.3399,0.79,,"resolved from ""Integrative Health Care"""
31-9011.00,23.1304,0.90,,"seeded from ""Communication Studies"""
31-9011.00,52.0201,0.90,"Business Administration Major, B.S.","seeded from ""Business Administration""; CIP shared"
31-9011.00,52.0201,0.90,"Management Major, B.S.","seeded from ""Management""; CIP shared"
31-9091.00,51.2706,0.92,,"seeded from ""Health Care Information Systems Major"""
31-9091.00,51.3399,0.88,,"resolved from ""Integrative Health Care"""
31-9092.00,51.2706,0.89,,"seeded from ""Health Care Information Systems Major"""
31-9092.00,51.3399,0.81,,"resolved from ""Integrative Health Care"""
31-9093.00,26.0101,0.83,,"seeded from ""Biology"""
31-9093.00,30.1901,0.83,"Nutrition Science Major, B.S.","seeded from ""Nutrition Science""; CIP shared"
31-9093.00,40.0501,0.83,,"seeded from ""Chemistry"""
31-9093.00,51.3399,0.98,,"resolved from ""Integrative Health Care"""
31-9094.00,43.0202,0.83,,"seeded from ""Fire and Emergency Response Administration"""
31-9094.00,51.3399,0.98,,"resolved from ""Integrative Health Care"""
31-9094.00,52.0201,0.83,"Business Administration Major, B.S.","seeded from ""Business Administration""; CIP shared"
31-9094.00,52.0299,0.83,"Operations Management Major, B.S.","seeded from ""Operations Management""; CIP shared"
31-9095.00,26.0101,0.81,,"seeded from ""Biology"""
31-9095.00,26.0202,0.81,,"seeded from ""Biochemistry"""
31-9095.00,40.0501,0.81,,"seeded from ""Chemistry"""
31-9095.00,51.0701,0.81,"Health Care Management Major, B.S.","seeded from ""Health Care Management""; CIP shared"
31-9095.00,51.3399,0.81,,"resolved from ""Integrative Health Care"""
31-9096.00,26.0101,0.92,,"seeded from ""Biology"""
31-9096.00,40.0501,0.92,,"seeded from ""Chemistry"""
31-9096.00,51.0701,0.98,"Health Care Management Major, B.S.","seeded from ""Health Care Management""; CIP shared"
31-9096.00,51.2706,0.98,,"seeded from ""Health Care Information Systems Major"""
31-9096.00,51.3399,0.98,,"resolved from ""Integrative Health Care"""
31-9097.00,03.0104,0.89,,"seeded from ""Environmental Science"""
31-9097.00,26.0101,0.89,,"seeded from ""Biology"""
31-9097.00,26.0202,0.89,,"seeded from ""Biochemistry"""
31-9097.00,30.7001,0.89,,"seeded from ""Data Science and Machine Learning"""
31-9097.00,40.0501,0.89,,"seeded from ""Chemistry"""
31-9097.00,40.0601,0.89,,"seeded from ""Applied Geology"""
31-9099.00,44.0701,0.80,,"seeded from ""Social Work"""
31-9099.00,51.0701,0.80,"Health Care Management Major, B.S.","seeded from ""Health Care Management""; CIP shared"
31-9099.00,51.2201,0.80,,"seeded from ""Public Health"""
31-9099.00,51.2706,0.80,,"seeded from ""Health Care Information Systems Major"""
31-9099.00,51.3399,0.98,,"resolved from ""Integrative Health Care"""
31-9099.01,13.1001,0.70,,"seeded from ""Special Education"""
31-9099.01,51.0201,0.98,,"seeded from ""Speech, Language, Hearing Sciences"""
33-1011.00,42.2799,0.70,,"seeded from ""Psychology Major"""
33-1011.00,43.0104,0.96,,"seeded from ""Criminal Justice and Criminology"""
33-1011.00,45.1001,0.68,,"seeded from ""Political Science"""
33-1012.00,42.2799,0.70,,"seeded from ""Psychology Major"""
33-1012.00,43.0104,0.96,,"seeded from ""Criminal Justice and Criminology"""
33-1012.00,45.1001,0.68,,"seeded from ""Political Science"""
33-1021.00,43.0104,0.65,,"seeded from ""Criminal Justice and Criminology"""
33-1021.00,43.0202,0.98,,"seeded from ""Fire and Emergency Response Administration"""
33-1021.00,44.0701,0.83,,"seeded from ""Social Work"""
33-1091.00,11.1003,0.98,"Computer Security Major, B.S.","seeded from ""Computer Security""; CIP shared"
33-1091.00,43.0104,0.72,,"seeded from ""Criminal Justice and Criminology"""
33-1091.00,44.0701,0.80,,"seeded from ""Social Work"""
33-1099.00,44.0701,0.93,,"seeded from ""Social Work"""
33-1099.00,52.0201,0.80,"Management Major, B.S.","seeded from ""Management""; CIP shared"
33-2011.00,43.0104,0.68,,"seeded from ""Criminal Justice and Criminology"""
33-2011.00,43.0202,0.96,,"seeded from ""Fire and Emergency Response Administration"""
33-2011.00,51.2201,0.70,,"seeded from ""Public Health"""
33-2021.00,43.0104,0.65,,"seeded from ""Criminal Justice and Criminology"""
33-2021.00,43.0202,0.98,,"seeded from ""Fire and Emergency Response Administration"""
33-2021.00,45.1001,0.77,,"seeded from ""Political Science"""
33-2022.00,43.0104,0.65,,"seeded from ""Criminal Justice and Criminology"""
33-2022.00,43.0202,0.98,,"seeded from ""Fire and Emergency Response Administration"""
33-2022.00,54.0101,0.65,,"seeded from ""History"""
33-3011.00,43.0104,0.72,,"seeded from ""Criminal Justice and Criminology"""
33-3011.00,43.0202,0.72,,"seeded from ""Fire and Emergency Response Administration"""
33-3011.00,45.1001,0.94,,"seeded from ""Political Science"""
33-3012.00,42.2799,0.70,,"seeded from ""Psychology Major"""
33-3012.00,43.0104,0.96,,"seeded from ""Criminal Justice and Criminology"""
33-3012.00,45.1001,0.68,,"seeded from ""Political Science"""
33-3021.00,42.2799,0.70,,"seeded from ""Psychology Major"""
33-3021.00,43.0104,0.96,,"seeded from ""Criminal Justice and Criminology"""
33-3021.00,45.1001,0.68,,"seeded from ""Political Science"""
33-3021.02,42.2799,0.70,,"seeded from ""Psychology Major"""
33-3021.02,43.0104,0.96,,"seeded from ""Criminal Justice and Criminology"""
33-3021.02,45.1001,0.68,,"seeded from ""Political Science"""
33-3021.06,43.0104,0.98,,"seeded from ""Criminal Justice and Criminology"""
33-3021.06,43.0202,0.66,,"seeded from ""Fire and Emergency Response Administration"""
33-3021.06,45.1001,0.79,,"seeded from ""Political Science"""
33-3031.00,03.0104,0.83,,"seeded from ""Environmental Science"""
33-3031.00,26.0101,0.98,,"seeded from ""Biology"""
33-3031.00,45.1001,0.83,,"seeded from ""Political Science"""
33-3031.00,51.2201,0.80,,"seeded from ""Public Health"""
33-3041.00,09.0900,0.80,,"seeded from ""Public Relations"""
33-3041.00,44.0701,0.93,,"seeded from ""Social Work"""
33-3041.00,51.2201,0.80,,"seeded from ""Public Health"""
33-3051.00,42.2799,0.70,,"seeded from ""Psychology Major"""
33-3051.00,43.0104,0.96,,"seeded from ""Criminal Justice and Criminology"""
33-3051.00,45.1001,0.68,,"seeded from ""Political Science"""
33-3051.04,45.1001,0.90,,"seeded from ""Political Science"""
33-3052.00,42.2799,0.70,,"seeded from ""Psychology Major"""
33-3052.00,43.0104,0.96,,"seeded from ""Criminal Justice and Criminology"""
33-3052.00,45.1001,0.68,,"seeded from ""Political Science"""
33-9011.00,44.0701,0.93,,"seeded from ""Social Work"""
33-9021.00,42.2799,0.70,,"seeded from ""Psychology Major"""
33-9021.00,43.0104,0.96,,"seeded from ""Criminal Justice and Criminology"""
33-9021.00,45.1001,0.68,,"seeded from ""Political Science"""
33-9031.00,52.0201,0.94,"Business Administration Major, B.S.","seeded from ""Business Administration""; CIP shared"
33-9031.00,52.0201,0.94,"Management Major, B.S.","seeded from ""Management""; CIP shared"
33-9031.00,52.0301,0.72,,"seeded from ""Accounting"""
33-9032.00,11.1003,0.98,"Computer Security Major, B.S.","seeded from ""Computer Security""; CIP shared"
33-9032.00,43.0104,0.72,,"seeded from ""Criminal Justice and Criminology"""
33-9091.00,15.0201,0.83,,"seeded from ""Civil Engineering Technology"""
33-9091.00,15.0613,0.68,"Advanced Manufacturing Operations Major, B.S.","seeded from ""Advanced Manufacturing Operations""; CIP shared"
33-9091.00,52.2001,0.98,,"seeded from ""Construction Project Management"""
33-9092.00,44.0701,0.93,,"seeded from ""Social Work"""
33-9093.00,11.1003,0.98,"Computer Security Major, B.S.","seeded from ""Computer Security""; CIP shared"
33-9093.00,30.7001,0.72,,"seeded from ""Data Science and Machine Learning"""
33-9093.00,43.0104,0.72,,"seeded from ""Criminal Justice and Criminology"""
33-9094.00,13.1302,0.72,,"seeded from ""Art Education"""
33-9094.00,42.2799,0.94,,"seeded from ""Psychology Major"""
33-9094.00,43.0202,0.94,,"seeded from ""Fire and Emergency Response Administration"""
33-9099.00,44.0701,0.93,,"seeded from ""Social Work"""
33-9099.02,13.1001,0.93,,"seeded from ""Special Education"""
33-9099.02,52.0301,0.80,,"seeded from ""Accounting"""
35-1011.00,54.0101,0.90,,"seeded from ""History"""
35-1012.00,44.0701,0.93,,"seeded from ""Social Work"""
35-1012.00,52.0201,0.80,"Management Major, B.S.","seeded from ""Management""; CIP shared"
35-2011.00,52.0201,0.72,"Business Administration Major, B.S.","seeded from ""Business Administration""; CIP shared"
35-2011.00,52.0299,0.72,"Brewery Operations Major, B.S.","seeded from ""Brewery Operations""; CIP shared"
35-2011.00,52.0901,0.94,,"seeded from ""Hospitality Leadership"""
35-2012.00,23.1304,0.90,,"seeded from ""Communication Studies"""
35-2012.00,52.0201,0.90,"Business Administration Major, B.S.","seeded from ""Business Administration""; CIP shared"
35-2012.00,52.0201,0.90,"Management Major, B.S.","seeded from ""Management""; CIP shared"
35-2013.00,23.1304,0.90,,"seeded from ""Communication Studies"""
35-2013.00,52.0201,0.90,"Business Administration Major, B.S.","seeded from ""Business Administration""; CIP shared"
35-2013.00,52.0201,0.90,"Management Major, B.S.","seeded from ""Management""; CIP shared"
35-2014.00,52.0201,0.72,"Business Administration Major, B.S.","seeded from ""Business Administration""; CIP shared"
35-2014.00,52.0299,0.72,"Brewery Operations Major, B.S.","seeded from ""Brewery Operations""; CIP shared"
35-2014.00,52.0901,0.94,,"seeded from ""Hospitality Leadership"""
35-2015.00,23.1304,0.90,,"seeded from ""Communication Studies"""
35-2015.00,52.0201,0.90,"Business Administration Major, B.S.","seeded from ""Business Administration""; CIP shared"
35-2015.00,52.0201,0.90,"Management Major, B.S.","seeded from ""Management""; CIP shared"
35-2019.00,23.1304,0.90,,"seeded from ""Communication Studies"""
35-2019.00,52.0201,0.90,"Business Administration Major, B.S.","seeded from ""Business Administration""; CIP shared"
35-2019.00,52.0201,0.90,"Management Major, B.S.","seeded from ""Management""; CIP shared"
35-2021.00,44.0701,0.93,,"seeded from ""Social Work"""
35-3011.00,23.1304,0.90,,"seeded from ""Communication Studies"""
35-3011.00,52.0201,0.90,"Business Administration Major, B.S.","seeded from ""Business Administration""; CIP shared"
35-3011.00,52.0201,0.90,"Management Major, B.S.","seeded from ""Management""; CIP shared"
35-3023.00,44.0701,0.93,,"seeded from ""Social Work"""
35-3023.00,52.0299,0.80,"Brewery Operations Major, B.S.","seeded from ""Brewery Operations""; CIP shared"
35-3023.01,52.0299,0.90,"Brewery Operations Major, B.S.","seeded from ""Brewery Operations""; CIP shared"
35-3031.00,52.0299,0.90,"Brewery Operations Major, B.S.","seeded from ""Brewery Operations""; CIP shared"
35-3041.00,52.0299,0.68,"Brewery Operations Major, B.S.","seeded from ""Brewery Operations""; CIP shared"
35-3041.00,52.0901,0.98,,"seeded from ""Hospitality Leadership"""
35-3041.00,52.0904,0.98,,"seeded from ""Hotel Management"""
35-9011.00,14.1401,0.79,,"seeded from ""Environmental Engineering"""
35-9011.00,40.0601,0.66,,"seeded from ""Applied Geology"""
35-9011.00,52.0901,0.98,,"seeded from ""Hospitality Leadership"""
35-9021.00,23.1304,0.90,,"seeded from ""Communication Studies"""
35-9021.00,52.0201,0.90,"Business Administration Major, B.S.","seeded from ""Business Administration""; CIP shared"
35-9021.00,52.0201,0.90,"Management Major, B.S.","seeded from ""Management""; CIP shared"
35-9031.00,52.0201,0.72,"Business Administration Major, B.S.","seeded from ""Business Administration""; CIP shared"
35-9031.00,52.0299,0.72,"Brewery Operations Major, B.S.","seeded from ""Brewery Operations""; CIP shared"
35-9031.00,52.0901,0.94,,"seeded from ""Hospitality Leadership"""
35-9099.00,44.0701,0.93,,"seeded from ""Social Work"""
37-1011.00,44.0701,0.98,,"seeded from ""Social Work"""
37-1011.00,52.0901,0.72,,"seeded from ""Hospitality Leadership"""
37-1011.00,52.0904,0.89,,"seeded from ""Hotel Management"""
37-1012.00,30.7001,0.72,,"seeded from ""Data Science and Machine Learning"""
37-1012.00,44.0701,0.98,,"seeded from ""Social Work"""
37-1012.00,52.0201,0.72,"Management Major, B.S.","seeded from ""Management""; CIP shared"
37-2011.00,52.0201,0.94,"Business Administration Major, B.S.","seeded from ""Business Administration""; CIP shared"
37-2011.00,52.0201,0.94,"Management Major, B.S.","seeded from ""Management""; CIP shared"
37-2011.00,52.0301,0.72,,"seeded from ""Accounting"""
37-2012.00,52.0901,0.75,,"seeded from ""Hospitality Leadership"""
37-2012.00,52.0904,0.95,,"seeded from ""Hotel Management"""
37-2019.00,44.0701,0.93,,"seeded from ""Social Work"""
37-2019.00,52.2001,0.80,,"seeded from ""Construction Project Management"""
37-2021.00,40.0501,0.80,,"seeded from ""Chemistry"""
37-2021.00,44.0701,0.93,,"seeded from ""Social Work"""
37-2021.00,52.2001,0.80,,"seeded from ""Construction Project Management"""
37-3011.00,14.1001,0.80,,"seeded from ""Electrical Engineering"""
37-3011.00,44.0701,0.93,,"seeded from ""Social Work"""
37-3011.00,52.1501,0.80,,"seeded from ""Real Estate"""
37-3012.00,11.0701,0.90,,"seeded from ""Computer Science"""
37-3012.00,13.0501,0.90,,"seeded from ""Instructional Design and Technology"""
37-3012.00,23.1304,0.90,,"seeded from ""Communication Studies"""
37-3012.00,40.0501,0.90,,"seeded from ""Chemistry"""
37-3013.00,30.1901,0.94,"Nutrition Science Major, B.S.","seeded from ""Nutrition Science""; CIP shared"
37-3013.00,51.0701,0.94,"Health Care Management Major, B.S.","seeded from ""Health Care Management""; CIP shared"
37-3013.00,51.2201,0.94,,"seeded from ""Public Health"""
37-3013.00,51.2706,0.94,,"seeded from ""Health Care Information Systems Major"""
37-3013.00,51.3399,0.94,,"resolved from ""Integrative Health Care"""
37-3019.00,44.0701,0.93,,"seeded from ""Social Work"""
39-1013.00,52.0201,0.83,"Business Administration Major, B.S.","seeded from ""Business Administration""; CIP shared"
39-1013.00,52.0201,0.83,"Management Major, B.S.","seeded from ""Management""; CIP shared"
39-1013.00,52.0299,0.83,"Operations Management Major, B.S.","seeded from ""Operations Management""; CIP shared"
39-1013.00,52.0901,0.98,,"seeded from ""Hospitality Leadership"""
39-1013.00,52.0904,0.98,,"seeded from ""Hotel Management"""
39-1014.00,31.0504,0.80,,"seeded from ""Sport Management"""
39-1014.00,44.0701,0.93,,"seeded from ""Social Work"""
39-1014.00,52.0201,0.80,"Management Major, B.S.","seeded from ""Management""; CIP shared"
39-1014.00,52.0907,0.80,,"seeded from ""Event and Meeting Management"""
39-1022.00,44.0701,0.93,,"seeded from ""Social Work"""
39-1022.00,52.0201,0.80,"Management Major, B.S.","seeded from ""Management""; CIP shared"
39-2011.00,11.1003,0.90,"Computer Security Major, B.S.","seeded from ""Computer Security""; CIP shared"
39-2011.00,42.2703,0.90,,"seeded from ""Human Development and Family Studies"""
39-2011.00,43.0104,0.90,,"seeded from ""Criminal Justice and Criminology"""
39-2011.00,44.0000,0.90,,"seeded from ""Human Services"""
39-2011.00,44.0701,0.90,,"seeded from ""Social Work"""
39-2011.00,52.1001,0.90,,"seeded from ""Human Resource Management"""
39-2021.00,14.1401,0.94,,"seeded from ""Environmental Engineering"""
39-2021.00,26.0101,0.72,,"seeded from ""Biology"""
39-2021.00,40.0601,0.72,,"seeded from ""Applied Geology"""
39-3011.00,23.1304,0.90,,"seeded from ""Communication Studies"""
39-3011.00,52.0201,0.90,"Business Administration Major, B.S.","seeded from ""Business Administration""; CIP shared"
39-3011.00,52.0201,0.90,"Management Major, B.S.","seeded from ""Management""; CIP shared"
39-3012.00,31.0504,0.98,,"seeded from ""Sport Management"""
39-3012.00,51.0001,0.89,"Sport Nutrition Major, B.S.","seeded from ""Sport Nutrition""; CIP shared"
39-3012.00,52.0907,0.82,,"seeded from ""Event and Meeting Management"""
39-3019.00,44.0701,0.93,,"seeded from ""Social Work"""
39-3021.00,10.0105,0.98,,"resolved from ""Film Studies and Production"""
39-3021.00,50.0901,0.71,,"seeded from ""Music"""
39-3031.00,52.0907,0.95,,"seeded from ""Event and Meeting Management"""
39-3091.00,31.0504,0.70,,"seeded from ""Sport Management"""
39-3091.00,52.0907,0.98,,"seeded from ""Event and Meeting Management"""
39-3092.00,51.0701,0.90,"Health Care Management Major, B.S.","seeded from ""Health Care Management""; CIP shared"
39-3092.00,51.2706,0.90,,"seeded from ""Health Care Information Systems Major"""
39-3092.00,51.3399,0.90,,"resolved from ""Integrative Health Care"""
39-3093.00,23.1304,0.90,,"seeded from ""Communication Studies"""
39-3093.00,52.0201,0.90,"Business Administration Major, B.S.","seeded from ""Business Administration""; CIP shared"
39-3093.00,52.0201,0.90,"Management Major, B.S.","seeded from ""Management""; CIP shared"
39-3099.00,44.0701,0.93,,"seeded from ""Social Work"""
39-4011.00,38.0101,0.90,,"seeded from ""Philosophy"""
39-4012.00,42.2703,0.90,,"seeded from ""Human Development and Family Studies"""
39-4012.00,44.0000,0.90,,"seeded from ""Human Services"""
39-4012.00,52.1001,0.90,,"seeded from ""Human Resource Management"""
39-4021.00,23.1304,0.90,,"seeded from ""Communication Studies"""
39-4021.00,52.0201,0.90,"Business Administration Major, B.S.","seeded from ""Business Administration""; CIP shared"
39-4021.00,52.0201,0.90,"Management Major, B.S.","seeded from ""Management""; CIP shared"
39-4031.00,05.0201,0.68,,"seeded from ""Africana Studies"""
39-4031.00,42.2703,0.98,,"seeded from ""Human Development and Family Studies"""
39-4031.00,51.0701,0.68,"Aging Services Leadership Major, B.S.","seeded from ""Aging Services Leadership""; CIP shared"
39-5011.00,23.1304,0.90,,"seeded from ""Communication Studies"""
39-5011.00,52.0201,0.90,"Business Administration Major, B.S.","seeded from ""Business Administration""; CIP shared"
39-5011.00,52.0201,0.90,"Management Major, B.S.","seeded from ""Management""; CIP shared"
39-5012.00,23.1304,0.90,,"seeded from ""Communication Studies"""
39-5012.00,52.0201,0.90,"Business Administration Major, B.S.","seeded from ""Business Administration""; CIP shared"
39-5012.00,52.0201,0.90,"Management Major, B.S.","seeded from ""Management""; CIP shared"
39-5091.00,50.0702,0.90,,"seeded from ""Art"""
39-5092.00,23.1304,0.90,,"seeded from ""Communication Studies"""
39-5092.00,52.0201,0.90,"Business Administration Major, B.S.","seeded from ""Business Administration""; CIP shared"
39-5092.00,52.0201,0.90,"Management Major, B.S.","seeded from ""Management""; CIP shared"
39-5093.00,23.1304,0.90,,"seeded from ""Communication Studies"""
39-5093.00,52.0201,0.90,"Business Administration Major, B.S.","seeded from ""Business Administration""; CIP shared"
39-5093.00,52.0201,0.90,"Management Major, B.S.","seeded from ""Management""; CIP shared"
39-5094.00,13.1001,0.93,,"seeded from ""Special Education"""
39-6011.00,52.0901,0.75,,"seeded from ""Hospitality Leadership"""
39-6011.00,52.0904,0.95,,"seeded from ""Hotel Management"""
39-6012.00,52.0201,0.98,"Business Administration Major, B.S.","seeded from ""Business Administration""; CIP shared"
39-6012.00,52.0201,0.91,"International Business Major, B.S.","seeded from ""International Business""; CIP shared"
39-6012.00,52.0901,0.90,,"seeded from ""Hospitality Leadership"""
39-6012.00,52.0904,0.98,,"seeded from ""Hotel Management"""
39-6012.00,52.1399,0.79,,"seeded from ""Business Intelligence"""
39-7011.00,15.0613,0.94,"Advanced Manufacturing Operations Major, B.S.","seeded from ""Advanced Manufacturing Operations""; CIP shared"
39-7011.00,15.0613,0.94,"Advanced Manufacturing Sciences Major, B.S.","seeded from ""Advanced Manufacturing Sciences""; CIP shared"
39-7011.00,50.0404,0.94,,"seeded from ""Industrial Design"""
39-7011.00,52.2001,0.94,,"seeded from ""Construction Project Management"""
39-7012.00,52.0201,0.89,"Business Administration Major, B.S.","seeded from ""Business Administration""; CIP shared"
39-7012.00,52.0201,0.89,"Management Major, B.S.","seeded from ""Management""; CIP shared"
39-7012.00,52.0299,0.89,"Brewery Operations Major, B.S.","seeded from ""Brewery Operations""; CIP shared"
39-7012.00,52.0901,0.89,,"seeded from ""Hospitality Leadership"""
39-7012.00,52.0904,0.89,,"seeded from ""Hotel Management"""
39-7012.00,52.0907,0.89,,"seeded from ""Event and Meeting Management"""
39-9011.00,13.1001,0.70,,"seeded from ""Special Education"""
39-9011.00,13.1210,0.98,,"seeded from ""Early Childhood Education"""
39-9011.00,42.2703,0.82,,"seeded from ""Human Development and Family Studies"""
39-9011.01,13.1314,0.75,,"seeded from ""K-12 Physical Education"""
39-9011.01,51.0201,0.95,,"seeded from ""Speech, Language, Hearing Sciences"""
39-9011.01,51.0701,0.75,"Health Care Management Major, B.S.","seeded from ""Health Care Management""; CIP shared"
39-9011.01,51.2706,0.75,,"seeded from ""Health Care Information Systems Major"""
39-9011.01,51.3399,0.75,,"resolved from ""Integrative Health Care"""
39-9031.00,13.1314,0.78,,"seeded from ""K-12 Physical Education"""
39-9031.00,31.0504,0.78,,"seeded from ""Sport Management"""
39-9031.00,31.0505,0.98,,"seeded from ""Exercise Science"""
39-9032.00,09.0900,0.78,,"seeded from ""Public Relations"""
39-9032.00,31.0504,0.98,,"seeded from ""Sport Management"""
39-9032.00,50.0702,0.90,,"seeded from ""Art"""
39-9032.00,50.0703,0.78,,"seeded from ""Art History, Theory, and Criticism"""
39-9032.00,50.0901,0.90,,"seeded from ""Music"""
39-9032.00,52.0907,0.78,,"seeded from ""Event and Meeting Management"""
39-9041.00,13.0501,0.89,,"seeded from ""Instructional Design and Technology"""
39-9041.00,13.1210,0.89,,"seeded from ""Early Childhood Education"""
39-9041.00,13.1302,0.89,,"seeded from ""Art Education"""
39-9041.00,23.0101,0.89,,"seeded from ""English"""
39-9041.00,23.1304,0.89,,"seeded from ""Communication Studies"""
39-9099.00,44.0701,0.80,,"seeded from ""Social Work"""
39-9099.00,51.0701,0.98,"Health Care Management Major, B.S.","seeded from ""Health Care Management""; CIP shared"
39-9099.00,51.2706,0.98,,"seeded from ""Health Care Information Systems Major"""
39-9099.00,51.3399,0.98,,"resolved from ""Integrative Health Care"""
41-1011.00,52.0201,0.83,"Business Administration Major, B.S.","seeded from ""Business Administration""; CIP shared"
41-1011.00,52.0201,0.98,"Management Major, B.S.","seeded from ""Management""; CIP shared"
41-1011.00,52.0301,0.98,,"seeded from ""Accounting"""
41-1011.00,52.1401,0.83,,"seeded from ""Marketing"""
41-1011.00,52.1804,0.83,,"seeded from ""Professional Selling"""
41-1012.00,52.0201,0.83,"Management Major, B.S.","seeded from ""Management""; CIP shared"
41-1012.00,52.0301,0.98,,"seeded from ""Accounting"""
41-1012.00,52.1401,0.83,,"seeded from ""Marketing"""
41-1012.00,52.1804,0.83,,"seeded from ""Professional Selling"""
41-2011.00,52.0301,0.68,,"seeded from ""Accounting"""
41-2011.00,52.0801,0.98,,"seeded from ""Finance"""
41-2012.00,30.7001,0.90,,"seeded from ""Data Science and Machine Learning"""
41-2012.00,52.0301,0.90,,"seeded from ""Accounting"""
41-2021.00,23.1304,0.90,,"seeded from ""Communication Studies"""
41-2021.00,52.0201,0.90,"Business Administration Major, B.S.","seeded from ""Business Administration""; CIP shared"
41-2021.00,52.0201,0.90,"Management Major, B.S.","seeded from ""Management""; CIP shared"
41-2022.00,23.1304,0.90,,"seeded from ""Communication Studies"""
41-2022.00,52.0201,0.90,"Business Administration Major, B.S.","seeded from ""Business Administration""; CIP shared"
41-2022.00,52.0201,0.90,"Management Major, B.S.","seeded from ""Management""; CIP shared"
41-2031.00,23.1304,0.90,,"seeded from ""Communication Studies"""
41-2031.00,52.0201,0.90,"Business Administration Major, B.S.","seeded from ""Business Administration""; CIP shared"
41-2031.00,52.0201,0.90,"Management Major, B.S.","seeded from ""Management""; CIP shared"
41-3011.00,23.1304,0.70,,"seeded from ""Communication Studies"""
41-3011.00,52.0201,0.72,"Business Administration Major, B.S.","seeded from ""Business Administration""; CIP shared"
41-3011.00,52.1399,0.80,,"seeded from ""Business Intelligence"""
41-3011.00,52.1401,0.96,,"seeded from ""Marketing"""
41-3021.00,52.0801,0.76,,"seeded from ""Finance"""
41-3021.00,52.1501,0.86,,"seeded from ""Real Estate"""
41-3021.00,52.1804,0.98,,"seeded from ""Professional Selling"""
41-3031.00,52.0801,0.98,,"seeded from ""Finance"""
41-3031.00,52.1401,0.78,,"seeded from ""Marketing"""
41-3031.00,52.1804,0.78,,"seeded from ""Professional Selling"""
41-3041.00,52.0201,0.89,"Business Administration Major, B.S.","seeded from ""Business Administration""; CIP shared"
41-3041.00,52.0201,0.89,"Management Major, B.S.","seeded from ""Management""; CIP shared"
41-3041.00,52.0299,0.89,"Brewery Operations Major, B.S.","seeded from ""Brewery Operations""; CIP shared"
41-3041.00,52.0901,0.89,,"seeded from ""Hospitality Leadership"""
41-3041.00,52.0904,0.89,,"seeded from ""Hotel Management"""
41-3041.00,52.0907,0.89,,"seeded from ""Event and Meeting Management"""
41-3091.00,23.1304,0.70,,"seeded from ""Communication Studies"""
41-3091.00,52.0201,0.72,"Business Administration Major, B.S.","seeded from ""Business Administration""; CIP shared"
41-3091.00,52.1399,0.80,,"seeded from ""Business Intelligence"""
41-3091.00,52.1401,0.96,,"seeded from ""Marketing"""
41-4011.00,13.1210,0.83,,"seeded from ""Early Childhood Education"""
41-4011.00,13.1302,0.83,,"seeded from ""Art Education"""
41-4011.00,14.0901,0.83,,"seeded from ""Computer Engineering"""
41-4011.00,15.0613,0.91,"Advanced Manufacturing Operations Major, B.S.","seeded from ""Advanced Manufacturing Operations""; CIP shared"
41-4011.00,15.0613,0.91,"Advanced Manufacturing Sciences Major, B.S.","seeded from ""Advanced Manufacturing Sciences""; CIP shared"
41-4011.00,52.1804,0.98,,"seeded from ""Professional Selling"""
41-4011.07,52.0301,0.64,,"seeded from ""Accounting"""
41-4011.07,52.1401,0.76,,"seeded from ""Marketing"""
41-4011.07,52.1804,0.98,,"seeded from ""Professional Selling"""
41-4012.00,15.0613,0.91,"Advanced Manufacturing Operations Major, B.S.","seeded from ""Advanced Manufacturing Operations""; CIP shared"
41-4012.00,15.0613,0.91,"Advanced Manufacturing Sciences Major, B.S.","seeded from ""Advanced Manufacturing Sciences""; CIP shared"
41-4012.00,52.1804,0.98,,"seeded from ""Professional Selling"""
41-9011.00,09.0900,0.90,,"seeded from ""Public Relations"""
41-9011.00,51.2201,0.90,,"seeded from ""Public Health"""
41-9012.00,23.1304,0.90,,"seeded from ""Communication Studies"""
41-9012.00,52.0201,0.90,"Business Administration Major, B.S.","seeded from ""Business Administration""; CIP shared"
41-9012.00,52.0201,0.90,"Management Major, B.S.","seeded from ""Management""; CIP shared"
41-9021.00,52.0801,0.70,,"seeded from ""Finance"""
41-9021.00,52.1501,0.98,,"seeded from ""Real Estate"""
41-9021.00,52.1804,0.70,,"seeded from ""Professional Selling"""
41-9022.00,52.1401,0.70,,"seeded from ""Marketing"""
41-9022.00,52.1501,0.98,,"seeded from ""Real Estate"""
41-9022.00,52.1804,0.84,,"seeded from ""Professional Selling"""
41-9031.00,14.0901,0.83,,"seeded from ""Computer Engineering"""
41-9031.00,15.0201,0.83,,"seeded from ""Civil Engineering Technology"""
41-9031.00,52.0201,0.98,"Business Administration Major, B.S.","seeded from ""Business Administration""; CIP shared"
41-9031.00,52.0201,0.98,"International Business Major, B.S.","seeded from ""International Business""; CIP shared"
41-9031.00,52.1399,0.83,,"seeded from ""Business Intelligence"""
41-9031.00,52.1804,0.98,,"seeded from ""Professional Selling"""
41-9041.00,23.1304,0.90,,"seeded from ""Communication Studies"""
41-9041.00,52.0201,0.90,"Business Administration Major, B.S.","seeded from ""Business Administration""; CIP shared"
41-9041.00,52.0201,0.90,"Management Major, B.S.","seeded from ""Management""; CIP shared"
41-9091.00,52.0301,0.72,,"seeded from ""Accounting"""
41-9091.00,52.1401,0.94,,"seeded from ""Marketing"""
41-9091.00,52.1804,0.94,,"seeded from ""Professional Selling"""
41-9099.00,52.0301,0.72,,"seeded from ""Accounting"""
41-9099.00,52.1401,0.94,,"seeded from ""Marketing"""
41-9099.00,52.1804,0.94,,"seeded from ""Professional Selling"""
43-1011.00,44.0701,0.93,,"seeded from ""Social Work"""
43-1011.00,52.0201,0.80,"Business Administration Major, B.S.","seeded from ""Business Administration""; CIP shared"
43-1011.00,52.0201,0.80,"Management Major, B.S.","seeded from ""Management""; CIP shared"
43-2011.00,52.0201,0.98,"Business Administration Major, B.S.","seeded from ""Business Administration""; CIP shared"
43-2011.00,52.0201,0.98,"International Business Major, B.S.","seeded from ""International Business""; CIP shared"
43-2011.00,52.1399,0.83,,"seeded from ""Business Intelligence"""
43-2021.00,43.0104,0.72,,"seeded from ""Criminal Justice and Criminology"""
43-2021.00,43.0202,0.94,,"seeded from ""Fire and Emergency Response Administration"""
43-2021.00,54.0101,0.72,,"seeded from ""History"""
43-2099.00,09.0401,0.69,,"seeded from ""Journalism"""
43-2099.00,23.1304,0.98,,"seeded from ""Communication Studies"""
43-2099.00,50.0401,0.89,,"seeded from ""Communication Design"""
43-3011.00,52.0301,0.72,,"seeded from ""Accounting"""
43-3011.00,52.0801,0.94,,"seeded from ""Finance"""
43-3021.00,27.0501,0.75,,"seeded from ""Statistical Science"""
43-3021.00,52.0301,0.95,,"seeded from ""Accounting"""
43-3021.00,52.1399,0.75,,"seeded from ""Business Intelligence"""
43-3031.00,52.0201,0.78,"Business Administration Major, B.S.","seeded from ""Business Administration""; CIP shared"
43-3031.00,52.0301,0.98,,"seeded from ""Accounting"""
43-3031.00,52.1399,0.78,,"seeded from ""Business Intelligence"""
43-3041.00,11.0701,0.98,,"seeded from ""Computer Science"""
43-3041.00,11.1003,0.83,"Computer Security Major, B.S.","seeded from ""Computer Security""; CIP shared"
43-3041.00,14.0901,0.83,,"seeded from ""Computer Engineering"""
43-3041.00,52.0801,0.98,,"seeded from ""Finance"""
43-3041.00,52.1201,0.83,,"seeded from ""Computer Information Systems"""
43-3041.00,52.1399,0.80,,"seeded from ""Business Intelligence"""
43-3051.00,10.0105,0.95,,"seeded from ""Video Production"""
43-3051.00,15.0613,0.75,"Advanced Manufacturing Operations Major, B.S.","seeded from ""Advanced Manufacturing Operations""; CIP shared"
43-3051.00,15.0613,0.75,"Advanced Manufacturing Sciences Major, B.S.","seeded from ""Advanced Manufacturing Sciences""; CIP shared"
43-3051.00,52.0301,0.75,,"seeded from ""Accounting"""
43-3051.00,52.1399,0.75,,"seeded from ""Business Intelligence"""
43-3061.00,15.0613,0.90,"Advanced Manufacturing Sciences Major, B.S.","seeded from ""Advanced Manufacturing Sciences""; CIP shared"
43-3061.00,40.0801,0.90,,"seeded from ""Physics"""
43-3061.00,51.2706,0.90,,"seeded from ""Health Care Information Systems Major"""
43-3061.00,52.1201,0.90,,"seeded from ""Computer Information Systems"""
43-3061.00,54.0101,0.90,,"seeded from ""History"""
43-3071.00,52.0301,0.72,,"seeded from ""Accounting"""
43-3071.00,52.0801,0.94,,"seeded from ""Finance"""
43-3099.00,52.0301,0.72,,"seeded from ""Accounting"""
43-3099.00,52.0801,0.94,,"seeded from ""Finance"""
43-4011.00,52.0801,0.94,,"seeded from ""Finance"""
43-4011.00,52.1401,0.94,,"seeded from ""Marketing"""
43-4011.00,52.1804,0.94,,"seeded from ""Professional Selling"""
43-4021.00,51.2706,0.90,,"seeded from ""Health Care Information Systems Major"""
43-4021.00,52.0801,0.90,,"seeded from ""Finance"""
43-4021.00,52.1201,0.90,,"seeded from ""Computer Information Systems"""
43-4021.00,52.1399,0.90,,"seeded from ""Business Intelligence"""
43-4031.00,43.0104,0.72,,"seeded from ""Criminal Justice and Criminology"""
43-4031.00,45.1001,0.94,,"seeded from ""Political Science"""
43-4031.00,54.0101,0.94,,"seeded from ""History"""
43-4041.00,52.0201,0.98,"Business Administration Major, B.S.","seeded from ""Business Administration""; CIP shared"
43-4041.00,52.0201,0.98,"International Business Major, B.S.","seeded from ""International Business""; CIP shared"
43-4041.00,52.0801,0.98,,"seeded from ""Finance"""
43-4041.00,52.1399,0.98,,"seeded from ""Business Intelligence"""
43-4051.00,52.0301,0.72,,"seeded from ""Accounting"""
43-4051.00,52.1401,0.94,,"seeded from ""Marketing"""
43-4051.00,52.1804,0.94,,"seeded from ""Professional Selling"""
43-4061.00,43.0104,0.94,,"seeded from ""Criminal Justice and Criminology"""
43-4061.00,44.0701,0.94,,"seeded from ""Social Work"""
43-4061.00,45.1001,0.94,,"seeded from ""Political Science"""
43-4061.00,51.2201,0.94,,"seeded from ""Public Health"""
43-4071.00,54.0101,0.90,,"seeded from ""History"""
43-4081.00,52.0299,0.64,"Brewery Operations Major, B.S.","seeded from ""Brewery Operations""; CIP shared"
43-4081.00,52.0901,0.74,,"seeded from ""Hospitality Leadership"""
43-4081.00,52.0904,0.98,,"seeded from ""Hotel Management"""
43-4111.00,11.0701,0.90,,"seeded from ""Computer Science"""
43-4111.00,52.0801,0.90,,"seeded from ""Finance"""
43-4121.00,09.0402,0.94,,"seeded from ""Broadcast Journalism"""
43-4121.00,09.0702,0.94,,"seeded from ""Media Production and Leadership"""
43-4121.00,50.0703,0.72,,"seeded from ""Art History, Theory, and Criticism"""
43-4131.00,51.2706,0.90,,"seeded from ""Health Care Information Systems Major"""
43-4131.00,52.0801,0.90,,"seeded from ""Finance"""
43-4131.00,52.1201,0.90,,"seeded from ""Computer Information Systems"""
43-4141.00,52.0301,0.72,,"seeded from ""Accounting"""
43-4141.00,52.0801,0.94,,"seeded from ""Finance"""
43-4151.00,15.0613,0.95,"Advanced Manufacturing Sciences Major, B.S.","seeded from ""Advanced Manufacturing Sciences""; CIP shared"
43-4151.00,40.0801,0.75,,"seeded from ""Physics"""
43-4161.00,52.0301,0.70,,"seeded from ""Accounting"""
43-4161.00,52.1001,0.98,,"seeded from ""Human Resource Management"""
43-4161.00,52.1399,0.70,,"seeded from ""Business Intelligence"""
43-4171.00,51.2201,0.72,,"seeded from ""Public Health"""
43-4171.00,51.2706,0.98,,"seeded from ""Health Care Information Systems Major"""
43-4171.00,52.1201,0.98,,"seeded from ""Computer Information Systems"""
43-4181.00,52.0299,0.72,"Brewery Operations Major, B.S.","seeded from ""Brewery Operations""; CIP shared"
43-4181.00,52.0901,0.94,,"seeded from ""Hospitality Leadership"""
43-4181.00,52.0904,0.94,,"seeded from ""Hotel Management"""
43-4199.00,51.2706,0.98,,"seeded from ""Health Care Information Systems Major"""
43-4199.00,52.1201,0.98,,"seeded from ""Computer Information Systems"""
43-5011.00,29.0402,0.72,,"seeded from ""Aerospace Systems and Mission Design"""
43-5011.01,03.0104,0.89,,"seeded from ""Environmental Science"""
43-5011.01,26.0101,0.89,,"seeded from ""Biology"""
43-5011.01,26.0202,0.89,,"seeded from ""Biochemistry"""
43-5011.01,30.7001,0.89,,"seeded from ""Data Science and Machine Learning"""
43-5011.01,40.0501,0.89,,"seeded from ""Chemistry"""
43-5011.01,40.0601,0.89,,"seeded from ""Applied Geology"""
43-5021.00,52.0201,0.98,"Business Administration Major, B.S.","seeded from ""Business Administration""; CIP shared"
43-5021.00,52.0201,0.98,"International Business Major, B.S.","seeded from ""International Business""; CIP shared"
43-5021.00,52.1399,0.83,,"seeded from ""Business Intelligence"""
43-5031.00,43.0104,0.78,,"seeded from ""Criminal Justice and Criminology"""
43-5031.00,43.0202,0.98,,"seeded from ""Fire and Emergency Response Administration"""
43-5031.00,51.2201,0.80,,"seeded from ""Public Health"""
43-5032.00,42.2799,0.70,,"seeded from ""Psychology Major"""
43-5032.00,43.0104,0.96,,"seeded from ""Criminal Justice and Criminology"""
43-5032.00,45.1001,0.68,,"seeded from ""Political Science"""
43-5041.00,14.1401,0.94,,"seeded from ""Environmental Engineering"""
43-5041.00,26.0101,0.72,,"seeded from ""Biology"""
43-5041.00,40.0601,0.72,,"seeded from ""Applied Geology"""
43-5051.00,52.2001,0.90,,"seeded from ""Construction Project Management"""
43-5052.00,52.2001,0.90,,"seeded from ""Construction Project Management"""
43-5053.00,30.7001,0.98,,"seeded from ""Data Science and Machine Learning"""
43-5053.00,52.2001,0.72,,"seeded from ""Construction Project Management"""
43-5053.00,54.0101,0.72,,"seeded from ""History"""
43-5061.00,09.0702,0.89,,"seeded from ""Media Production and Leadership"""
43-5061.00,10.0105,0.98,,"seeded from ""Video Production"""
43-5061.00,15.0613,0.82,"Advanced Manufacturing Sciences Major, B.S.","seeded from ""Advanced Manufacturing Sciences""; CIP shared"
43-5071.00,54.0101,0.90,,"seeded from ""History"""
43-5111.00,15.0613,0.90,"Advanced Manufacturing Sciences Major, B.S.","seeded from ""Advanced Manufacturing Sciences""; CIP shared"
43-5111.00,40.0801,0.90,,"seeded from ""Physics"""
43-5111.00,54.0101,0.90,,"seeded from ""History"""
43-6011.00,26.0202,0.72,,"seeded from ""Biochemistry"""
43-6011.00,27.0501,0.94,,"seeded from ""Statistical Science"""
43-6011.00,40.0601,0.72,,"seeded from ""Applied Geology"""
43-6012.00,03.0104,0.89,,"seeded from ""Environmental Science"""
43-6012.00,26.0101,0.89,,"seeded from ""Biology"""
43-6012.00,26.0202,0.89,,"seeded from ""Biochemistry"""
43-6012.00,30.7001,0.89,,"seeded from ""Data Science and Machine Learning"""
43-6012.00,40.0501,0.89,,"seeded from ""Chemistry"""
43-6012.00,40.0601,0.89,,"seeded from ""Applied Geology"""
43-6013.00,26.0101,0.83,,"seeded from ""Biology"""
43-6013.00,30.1901,0.83,"Nutrition Science Major, B.S.","seeded from ""Nutrition Science""; CIP shared"
43-6013.00,40.0501,0.83,,"seeded from ""Chemistry"""
43-6013.00,51.3399,0.98,,"resolved from ""Integrative Health Care"""
43-6014.00,51.2706,0.94,,"seeded from ""Health Care Information Systems Major"""
43-6014.00,51.3399,0.94,,"resolved from ""Integrative Health Care"""
43-9021.00,15.0613,0.90,"Advanced Manufacturing Sciences Major, B.S.","seeded from ""Advanced Manufacturing Sciences""; CIP shared"
43-9021.00,40.0801,0.90,,"seeded from ""Physics"""
43-9021.00,52.1399,0.90,,"seeded from ""Business Intelligence"""
43-9022.00,11.0701,0.94,,"seeded from ""Computer Science"""
43-9022.00,11.1003,0.94,"Computer Security Major, B.S.","seeded from ""Computer Security""; CIP shared"
43-9022.00,14.0901,0.94,,"seeded from ""Computer Engineering"""
43-9022.00,52.1201,0.94,,"seeded from ""Computer Information Systems"""
43-9031.00,11.0701,0.98,,"seeded from ""Computer Science"""
43-9031.00,11.1003,0.83,"Computer Security Major, B.S.","seeded from ""Computer Security""; CIP shared"
43-9031.00,14.0901,0.98,,"seeded from ""Computer Engineering"""
43-9031.00,52.1201,0.98,,"seeded from ""Computer Information Systems"""
43-9041.00,52.0301,0.72,,"seeded from ""Accounting"""
43-9041.00,52.0801,0.94,,"seeded from ""Finance"""
43-9051.00,30.7001,0.98,,"seeded from ""Data Science and Machine Learning"""
43-9051.00,54.0101,0.72,,"seeded from ""History"""
43-9061.00,30.7001,0.90,,"seeded from ""Data Science and Machine Learning"""
43-9061.00,52.0301,0.90,,"seeded from ""Accounting"""
43-9071.00,11.0701,0.98,,"seeded from ""Computer Science"""
43-9071.00,11.1003,0.98,"Computer Security Major, B.S.","seeded from ""Computer Security""; CIP shared"
43-9071.00,14.0901,0.98,,"seeded from ""Computer Engineering"""
43-9071.00,30.7001,0.98,,"seeded from ""Data Science and Machine Learning"""
43-9071.00,52.1201,0.98,,"seeded from ""Computer Information Systems"""
43-9081.00,09.0908,0.95,,"seeded from ""Technical Writing and Editing"""
43-9081.00,23.0101,0.75,,"seeded from ""English"""
43-9111.00,27.0501,0.98,,"seeded from ""Statistical Science"""
43-9111.00,52.1399,0.72,,"seeded from ""Business Intelligence"""
43-9199.00,44.0701,0.93,,"seeded from ""Social Work"""
43-9199.00,52.0201,0.80,"Business Administration Major, B.S.","seeded from ""Business Administration""; CIP shared"
45-1011.00,44.0701,0.93,,"seeded from ""Social Work"""
45-1011.00,52.0201,0.80,"Management Major, B.S.","seeded from ""Management""; CIP shared"
45-2011.00,51.0701,0.83,"Health Care Management Major, B.S.","seeded from ""Health Care Management""; CIP shared"
45-2011.00,51.2706,0.83,,"seeded from ""Health Care Information Systems Major"""
45-2011.00,51.3399,0.83,,"resolved from ""Integrative Health Care"""
45-2011.00,52.0201,0.83,"Business Administration Major, B.S.","seeded from ""Business Administration""; CIP shared"
45-2011.00,52.0299,0.98,"Operations Management Major, B.S.","seeded from ""Operations Management""; CIP shared"
45-2021.00,54.0101,0.90,,"seeded from ""History"""
45-2041.00,23.1304,0.90,,"seeded from ""Communication Studies"""
45-2041.00,52.0201,0.90,"Business Administration Major, B.S.","seeded from ""Business Administration""; CIP shared"
45-2041.00,52.0201,0.90,"Management Major, B.S.","seeded from ""Management""; CIP shared"
45-2091.00,14.1401,0.94,,"seeded from ""Environmental Engineering"""
45-2091.00,26.0101,0.72,,"seeded from ""Biology"""
45-2091.00,40.0601,0.72,,"seeded from ""Applied Geology"""
45-2092.00,51.0701,0.72,"Health Care Management Major, B.S.","seeded from ""Health Care Management""; CIP shared"
45-2092.00,51.2201,0.80,,"seeded from ""Public Health"""
45-2093.00,51.2201,0.90,,"seeded from ""Public Health"""
45-2093.00,54.0101,0.90,,"seeded from ""History"""
45-2099.00,44.0701,0.93,,"seeded from ""Social Work"""
45-3031.00,44.0701,0.93,,"seeded from ""Social Work"""
45-4011.00,03.0103,0.90,,"seeded from ""Environmental Sustainability"""
45-4011.00,03.0104,0.98,,"seeded from ""Environmental Science"""
45-4011.00,14.1401,0.79,,"seeded from ""Environmental Engineering"""
45-4011.00,51.2201,0.79,,"seeded from ""Public Health"""
45-4021.00,23.1304,0.90,,"seeded from ""Communication Studies"""
45-4021.00,52.0201,0.90,"Business Administration Major, B.S.","seeded from ""Business Administration""; CIP shared"
45-4021.00,52.0201,0.90,"Management Major, B.S.","seeded from ""Management""; CIP shared"
45-4022.00,30.7001,0.90,,"seeded from ""Data Science and Machine Learning"""
45-4023.00,23.0101,0.90,,"seeded from ""English"""
45-4029.00,44.0701,0.93,,"seeded from ""Social Work"""
47-1011.00,15.0201,0.77,,"seeded from ""Civil Engineering Technology"""
47-1011.00,15.0613,0.65,"Advanced Manufacturing Operations Major, B.S.","seeded from ""Advanced Manufacturing Operations""; CIP shared"
47-1011.00,52.2001,0.98,,"seeded from ""Construction Project Management"""
47-1011.03,52.0201,0.98,"Business Administration Major, B.S.","seeded from ""Business Administration""; CIP shared"
47-1011.03,52.0201,0.98,"Management Major, B.S.","seeded from ""Management""; CIP shared"
47-1011.03,52.0299,0.80,"Operations Management Major, B.S.","seeded from ""Operations Management""; CIP shared"
47-2011.00,14.1401,0.94,,"seeded from ""Environmental Engineering"""
47-2011.00,26.0101,0.72,,"seeded from ""Biology"""
47-2011.00,40.0601,0.72,,"seeded from ""Applied Geology"""
47-2021.00,15.0201,0.90,,"seeded from ""Civil Engineering Technology"""
47-2021.00,15.0613,0.90,"Advanced Manufacturing Sciences Major, B.S.","seeded from ""Advanced Manufacturing Sciences""; CIP shared"
47-2021.00,40.0801,0.90,,"seeded from ""Physics"""
47-2021.00,52.2001,0.90,,"seeded from ""Construction Project Management"""
47-2022.00,13.1001,0.90,,"seeded from ""Special Education"""
47-2031.00,15.0613,0.90,"Advanced Manufacturing Sciences Major, B.S.","seeded from ""Advanced Manufacturing Sciences""; CIP shared"
47-2031.00,40.0801,0.90,,"seeded from ""Physics"""
47-2031.00,52.2001,0.90,,"seeded from ""Construction Project Management"""
47-2041.00,15.0613,0.90,"Advanced Manufacturing Sciences Major, B.S.","seeded from ""Advanced Manufacturing Sciences""; CIP shared"
47-2041.00,40.0801,0.90,,"seeded from ""Physics"""
47-2042.00,50.0901,0.90,,"seeded from ""Music"""
47-2043.00,30.7001,0.90,,"seeded from ""Data Science and Machine Learning"""
47-2044.00,15.0613,0.90,"Advanced Manufacturing Sciences Major, B.S.","seeded from ""Advanced Manufacturing Sciences""; CIP shared"
47-2044.00,40.0801,0.90,,"seeded from ""Physics"""
47-2051.00,14.1001,0.90,,"seeded from ""Electrical Engineering"""
47-2053.00,44.0701,0.93,,"seeded from ""Social Work"""
47-2061.00,14.1401,0.86,,"seeded from ""Environmental Engineering"""
47-2061.00,15.0201,0.88,,"seeded from ""Civil Engineering Technology"""
47-2061.00,15.0805,0.88,,"seeded from ""Mechanical Engineering Technology"""
47-2061.00,40.0601,0.86,,"seeded from ""Applied Geology"""
47-2061.00,52.2001,0.98,,"seeded from ""Construction Project Management"""
47-2071.00,15.0613,0.90,"Advanced Manufacturing Sciences Major, B.S.","seeded from ""Advanced Manufacturing Sciences""; CIP shared"
47-2071.00,30.7001,0.90,,"seeded from ""Data Science and Machine Learning"""
47-2071.00,40.0801,0.90,,"seeded from ""Physics"""
47-2072.00,52.2001,0.90,,"seeded from ""Construction Project Management"""
47-2073.00,15.0201,0.77,,"seeded from ""Civil Engineering Technology"""
47-2073.00,40.0601,0.77,,"seeded from ""Applied Geology"""
47-2073.00,52.2001,0.98,,"seeded from ""Construction Project Management"""
47-2081.00,15.0613,0.95,"Advanced Manufacturing Sciences Major, B.S.","seeded from ""Advanced Manufacturing Sciences""; CIP shared"
47-2081.00,40.0801,0.75,,"seeded from ""Physics"""
47-2081.00,50.0901,0.75,,"seeded from ""Music"""
47-2081.00,52.0299,0.75,"Operations Management Major, B.S.","seeded from ""Operations Management""; CIP shared"
47-2081.00,52.2001,0.75,,"seeded from ""Construction Project Management"""
47-2082.00,23.1304,0.90,,"seeded from ""Communication Studies"""
47-2082.00,52.0201,0.90,"Business Administration Major, B.S.","seeded from ""Business Administration""; CIP shared"
47-2082.00,52.0201,0.90,"Management Major, B.S.","seeded from ""Management""; CIP shared"
47-2111.00,14.1001,0.98,,"seeded from ""Electrical Engineering"""
47-2111.00,15.0613,0.63,"Advanced Manufacturing Operations Major, B.S.","seeded from ""Advanced Manufacturing Operations""; CIP shared"
47-2111.00,15.0613,0.63,"Advanced Manufacturing Sciences Major, B.S.","seeded from ""Advanced Manufacturing Sciences""; CIP shared"
47-2121.00,52.2001,0.90,,"seeded from ""Construction Project Management"""
47-2131.00,15.0613,0.72,"Advanced Manufacturing Sciences Major, B.S.","seeded from ""Advanced Manufacturing Sciences""; CIP shared"
47-2131.00,40.0801,0.72,,"seeded from ""Physics"""
47-2131.00,44.0701,0.98,,"seeded from ""Social Work"""
47-2132.00,15.0613,0.77,"Advanced Manufacturing Sciences Major, B.S.","seeded from ""Advanced Manufacturing Sciences""; CIP shared"
47-2132.00,15.0805,0.98,,"seeded from ""Mechanical Engineering Technology"""
47-2132.00,40.0801,0.77,,"seeded from ""Physics"""
47-2141.00,15.0201,0.84,,"seeded from ""Civil Engineering Technology"""
47-2141.00,15.0613,0.64,"Advanced Manufacturing Operations Major, B.S.","seeded from ""Advanced Manufacturing Operations""; CIP shared"
47-2141.00,52.2001,0.98,,"seeded from ""Construction Project Management"""
47-2142.00,15.0613,0.90,"Advanced Manufacturing Sciences Major, B.S.","seeded from ""Advanced Manufacturing Sciences""; CIP shared"
47-2142.00,40.0801,0.90,,"seeded from ""Physics"""
47-2142.00,50.0401,0.90,,"seeded from ""Communication Design"""
47-2142.00,52.1401,0.90,,"seeded from ""Marketing"""
47-2151.00,14.1401,0.94,,"seeded from ""Environmental Engineering"""
47-2151.00,26.0101,0.72,,"seeded from ""Biology"""
47-2151.00,40.0601,0.72,,"seeded from ""Applied Geology"""
47-2152.00,14.1001,0.98,,"seeded from ""Electrical Engineering"""
47-2152.00,14.1401,0.90,,"seeded from ""Environmental Engineering"""
47-2152.00,15.0805,0.91,,"seeded from ""Mechanical Engineering Technology"""
47-2152.04,14.1001,0.83,,"seeded from ""Electrical Engineering"""
47-2152.04,14.1401,0.96,,"seeded from ""Environmental Engineering"""
47-2152.04,15.0201,0.83,,"seeded from ""Civil Engineering Technology"""
47-2152.04,15.0613,0.98,"Advanced Manufacturing Operations Major, B.S.","seeded from ""Advanced Manufacturing Operations""; CIP shared"
47-2152.04,15.0613,0.98,"Advanced Manufacturing Sciences Major, B.S.","seeded from ""Advanced Manufacturing Sciences""; CIP shared"
47-2152.04,29.0402,0.83,,"seeded from ""Aerospace Systems and Mission Design"""
47-2161.00,15.0613,0.90,"Advanced Manufacturing Sciences Major, B.S.","seeded from ""Advanced Manufacturing Sciences""; CIP shared"
47-2161.00,40.0801,0.90,,"seeded from ""Physics"""
47-2171.00,30.7001,0.80,,"seeded from ""Data Science and Machine Learning"""
47-2171.00,44.0701,0.93,,"seeded from ""Social Work"""
47-2181.00,15.0613,0.90,"Advanced Manufacturing Sciences Major, B.S.","seeded from ""Advanced Manufacturing Sciences""; CIP shared"
47-2181.00,40.0801,0.90,,"seeded from ""Physics"""
47-2211.00,30.7001,0.72,,"seeded from ""Data Science and Machine Learning"""
47-2211.00,44.0701,0.98,,"seeded from ""Social Work"""
47-2221.00,15.0201,0.80,,"seeded from ""Civil Engineering Technology"""
47-2221.00,44.0701,0.93,,"seeded from ""Social Work"""
47-2221.00,52.2001,0.80,,"seeded from ""Construction Project Management"""
47-2231.00,14.1001,0.98,,"seeded from ""Electrical Engineering"""
47-2231.00,15.0201,0.83,,"seeded from ""Civil Engineering Technology"""
47-2231.00,15.0613,0.68,"Advanced Manufacturing Operations Major, B.S.","seeded from ""Advanced Manufacturing Operations""; CIP shared"
47-3011.00,15.0613,0.90,"Advanced Manufacturing Sciences Major, B.S.","seeded from ""Advanced Manufacturing Sciences""; CIP shared"
47-3011.00,40.0801,0.90,,"seeded from ""Physics"""
47-3011.00,44.0701,0.90,,"seeded from ""Social Work"""
47-3012.00,15.0613,0.90,"Advanced Manufacturing Sciences Major, B.S.","seeded from ""Advanced Manufacturing Sciences""; CIP shared"
47-3012.00,40.0801,0.90,,"seeded from ""Physics"""
47-3012.00,44.0701,0.90,,"seeded from ""Social Work"""
47-3013.00,15.0613,0.90,"Advanced Manufacturing Sciences Major, B.S.","seeded from ""Advanced Manufacturing Sciences""; CIP shared"
47-3013.00,40.0801,0.90,,"seeded from ""Physics"""
47-3013.00,44.0701,0.90,,"seeded from ""Social Work"""
47-3014.00,15.0613,0.90,"Advanced Manufacturing Sciences Major, B.S.","seeded from ""Advanced Manufacturing Sciences""; CIP shared"
47-3014.00,40.0801,0.90,,"seeded from ""Physics"""
47-3014.00,44.0701,0.90,,"seeded from ""Social Work"""
47-3014.00,50.0702,0.90,,"seeded from ""Art"""
47-3015.00,15.0613,0.90,"Advanced Manufacturing Sciences Major, B.S.","seeded from ""Advanced Manufacturing Sciences""; CIP shared"
47-3015.00,40.0801,0.90,,"seeded from ""Physics"""
47-3015.00,44.0701,0.90,,"seeded from ""Social Work"""
47-3016.00,15.0613,0.90,"Advanced Manufacturing Sciences Major, B.S.","seeded from ""Advanced Manufacturing Sciences""; CIP shared"
47-3016.00,40.0801,0.90,,"seeded from ""Physics"""
47-3016.00,44.0701,0.90,,"seeded from ""Social Work"""
47-3019.00,15.0201,0.77,,"seeded from ""Civil Engineering Technology"""
47-3019.00,15.0613,0.65,"Advanced Manufacturing Operations Major, B.S.","seeded from ""Advanced Manufacturing Operations""; CIP shared"
47-3019.00,52.2001,0.98,,"seeded from ""Construction Project Management"""
47-4011.00,14.1001,0.90,,"seeded from ""Electrical Engineering"""
47-4011.00,15.0201,0.90,,"seeded from ""Civil Engineering Technology"""
47-4011.00,52.2001,0.98,,"seeded from ""Construction Project Management"""
47-4011.01,52.0201,0.70,"Business Administration Major, B.S.","seeded from ""Business Administration""; CIP shared"
47-4011.01,52.0301,0.98,,"seeded from ""Accounting"""
47-4011.01,52.0801,0.75,,"seeded from ""Finance"""
47-4021.00,23.1304,0.90,,"seeded from ""Communication Studies"""
47-4021.00,52.0201,0.90,"Business Administration Major, B.S.","seeded from ""Business Administration""; CIP shared"
47-4021.00,52.0201,0.90,"Management Major, B.S.","seeded from ""Management""; CIP shared"
47-4031.00,14.1001,0.90,,"seeded from ""Electrical Engineering"""
47-4041.00,14.1401,0.94,,"seeded from ""Environmental Engineering"""
47-4041.00,26.0101,0.72,,"seeded from ""Biology"""
47-4041.00,40.0601,0.94,,"seeded from ""Applied Geology"""
47-4051.00,44.0701,0.93,,"seeded from ""Social Work"""
47-4061.00,30.7001,0.90,,"seeded from ""Data Science and Machine Learning"""
47-4071.00,23.1304,0.90,,"seeded from ""Communication Studies"""
47-4071.00,52.0201,0.90,"Business Administration Major, B.S.","seeded from ""Business Administration""; CIP shared"
47-4071.00,52.0201,0.90,"Management Major, B.S.","seeded from ""Management""; CIP shared"
47-4091.00,15.0613,0.90,"Advanced Manufacturing Sciences Major, B.S.","seeded from ""Advanced Manufacturing Sciences""; CIP shared"
47-4091.00,40.0801,0.90,,"seeded from ""Physics"""
47-4099.00,15.0201,0.77,,"seeded from ""Civil Engineering Technology"""
47-4099.00,15.0613,0.65,"Advanced Manufacturing Operations Major, B.S.","seeded from ""Advanced Manufacturing Operations""; CIP shared"
47-4099.00,52.2001,0.98,,"seeded from ""Construction Project Management"""
47-4099.03,03.0103,0.94,,"seeded from ""Environmental Sustainability"""
47-4099.03,03.0104,0.94,,"seeded from ""Environmental Science"""
47-4099.03,40.0601,0.72,,"seeded from ""Applied Geology"""
47-5011.00,23.1304,0.90,,"seeded from ""Communication Studies"""
47-5011.00,52.0201,0.90,"Business Administration Major, B.S.","seeded from ""Business Administration""; CIP shared"
47-5011.00,52.0201,0.90,"Management Major, B.S.","seeded from ""Management""; CIP shared"
47-5012.00,23.1304,0.90,,"seeded from ""Communication Studies"""
47-5012.00,52.0201,0.90,"Business Administration Major, B.S.","seeded from ""Business Administration""; CIP shared"
47-5012.00,52.0201,0.90,"Management Major, B.S.","seeded from ""Management""; CIP shared"
47-5013.00,23.1304,0.90,,"seeded from ""Communication Studies"""
47-5013.00,52.0201,0.90,"Business Administration Major, B.S.","seeded from ""Business Administration""; CIP shared"
47-5013.00,52.0201,0.90,"Management Major, B.S.","seeded from ""Management""; CIP shared"
47-5022.00,15.0613,0.72,"Advanced Manufacturing Sciences Major, B.S.","seeded from ""Advanced Manufacturing Sciences""; CIP shared"
47-5022.00,30.7001,0.98,,"seeded from ""Data Science and Machine Learning"""
47-5022.00,40.0601,0.72,,"seeded from ""Applied Geology"""
47-5023.00,14.1401,0.90,,"seeded from ""Environmental Engineering"""
47-5023.00,15.0201,0.79,,"seeded from ""Civil Engineering Technology"""
47-5023.00,40.0601,0.98,,"seeded from ""Applied Geology"""
47-5023.00,52.2001,0.91,,"seeded from ""Construction Project Management"""
47-5032.00,15.0613,0.75,"Advanced Manufacturing Sciences Major, B.S.","seeded from ""Advanced Manufacturing Sciences""; CIP shared"
47-5032.00,40.0601,0.75,,"seeded from ""Applied Geology"""
47-5032.00,40.0801,0.75,,"seeded from ""Physics"""
47-5032.00,44.0701,0.85,,"seeded from ""Social Work"""
47-5032.00,52.0301,0.95,,"seeded from ""Accounting"""
47-5041.00,30.7001,0.98,,"seeded from ""Data Science and Machine Learning"""
47-5041.00,40.0601,0.72,,"seeded from ""Applied Geology"""
47-5041.00,52.1201,0.72,,"seeded from ""Computer Information Systems"""
47-5043.00,15.0805,0.90,,"seeded from ""Mechanical Engineering Technology"""
47-5043.00,40.0601,0.90,,"seeded from ""Applied Geology"""
47-5044.00,14.1001,0.72,,"seeded from ""Electrical Engineering"""
47-5044.00,30.7001,0.98,,"seeded from ""Data Science and Machine Learning"""
47-5044.00,40.0601,0.72,,"seeded from ""Applied Geology"""
47-5049.00,30.7001,0.98,,"seeded from ""Data Science and Machine Learning"""
47-5049.00,40.0601,0.72,,"seeded from ""Applied Geology"""
47-5051.00,23.1304,0.90,,"seeded from ""Communication Studies"""
47-5051.00,52.0201,0.90,"Business Administration Major, B.S.","seeded from ""Business Administration""; CIP shared"
47-5051.00,52.0201,0.90,"Management Major, B.S.","seeded from ""Management""; CIP shared"
47-5071.00,14.1001,0.90,,"seeded from ""Electrical Engineering"""
47-5081.00,40.0601,0.89,,"seeded from ""Applied Geology"""
47-5081.00,44.0701,0.98,,"seeded from ""Social Work"""
47-5081.00,50.0702,0.72,,"seeded from ""Art"""
47-5099.00,44.0701,0.93,,"seeded from ""Social Work"""
49-1011.00,44.0701,0.90,,"seeded from ""Social Work"""
49-1011.00,52.0201,0.90,"Management Major, B.S.","seeded from ""Management""; CIP shared"
49-2011.00,11.0701,0.98,,"seeded from ""Computer Science"""
49-2011.00,11.1003,0.98,"Computer Security Major, B.S.","seeded from ""Computer Security""; CIP shared"
49-2011.00,14.0901,0.98,,"seeded from ""Computer Engineering"""
49-2011.00,30.7001,0.98,,"seeded from ""Data Science and Machine Learning"""
49-2011.00,52.1201,0.98,,"seeded from ""Computer Information Systems"""
49-2021.00,14.0901,0.94,,"seeded from ""Computer Engineering"""
49-2021.00,14.1001,0.94,,"seeded from ""Electrical Engineering"""
49-2021.00,29.0402,0.94,,"seeded from ""Aerospace Systems and Mission Design"""
49-2021.00,43.0202,0.94,,"seeded from ""Fire and Emergency Response Administration"""
49-2021.00,52.1201,0.94,,"seeded from ""Computer Information Systems"""
49-2022.00,09.0401,0.75,,"seeded from ""Journalism"""
49-2022.00,09.0402,0.75,,"seeded from ""Broadcast Journalism"""
49-2022.00,14.1001,0.75,,"seeded from ""Electrical Engineering"""
49-2022.00,23.1304,0.95,,"seeded from ""Communication Studies"""
49-2022.00,50.0401,0.75,,"seeded from ""Communication Design"""
49-2022.00,52.2001,0.75,,"seeded from ""Construction Project Management"""
49-2091.00,14.1001,0.97,,"seeded from ""Electrical Engineering"""
49-2091.00,29.0402,0.98,,"seeded from ""Aerospace Systems and Mission Design"""
49-2092.00,14.1001,0.90,,"seeded from ""Electrical Engineering"""
49-2093.00,14.0901,0.77,,"seeded from ""Computer Engineering"""
49-2093.00,14.1001,0.98,,"seeded from ""Electrical Engineering"""
49-2093.00,15.0613,0.65,"Advanced Manufacturing Operations Major, B.S.","seeded from ""Advanced Manufacturing Operations""; CIP shared"
49-2094.00,14.1001,0.98,,"seeded from ""Electrical Engineering"""
49-2094.00,15.0613,0.77,"Advanced Manufacturing Operations Major, B.S.","seeded from ""Advanced Manufacturing Operations""; CIP shared"
49-2094.00,50.0404,0.91,,"seeded from ""Industrial Design"""
49-2095.00,14.0901,0.77,,"seeded from ""Computer Engineering"""
49-2095.00,14.1001,0.98,,"seeded from ""Electrical Engineering"""
49-2095.00,15.0613,0.65,"Advanced Manufacturing Operations Major, B.S.","seeded from ""Advanced Manufacturing Operations""; CIP shared"
49-2096.00,09.0401,0.75,,"seeded from ""Journalism"""
49-2096.00,11.1003,0.75,"Computer Security Major, B.S.","seeded from ""Computer Security""; CIP shared"
49-2096.00,23.1304,0.95,,"seeded from ""Communication Studies"""
49-2096.00,43.0104,0.75,,"seeded from ""Criminal Justice and Criminology"""
49-2096.00,50.0401,0.75,,"seeded from ""Communication Design"""
49-2096.00,50.0901,0.75,,"seeded from ""Music"""
49-2097.00,09.0402,0.83,,"seeded from ""Broadcast Journalism"""
49-2097.00,09.0702,0.98,,"seeded from ""Media Production and Leadership"""
49-2097.00,10.0105,0.98,,"seeded from ""Video Production"""
49-2097.00,50.0901,0.83,,"seeded from ""Music"""
49-2098.00,43.0104,0.77,,"seeded from ""Criminal Justice and Criminology"""
49-2098.00,43.0202,0.98,,"seeded from ""Fire and Emergency Response Administration"""
49-2098.00,44.0701,0.77,,"seeded from ""Social Work"""
49-3011.00,29.0402,0.94,,"seeded from ""Aerospace Systems and Mission Design"""
49-3021.00,23.1304,0.90,,"seeded from ""Communication Studies"""
49-3021.00,52.0201,0.90,"Business Administration Major, B.S.","seeded from ""Business Administration""; CIP shared"
49-3021.00,52.0201,0.90,"Management Major, B.S.","seeded from ""Management""; CIP shared"
49-3022.00,23.1304,0.90,,"seeded from ""Communication Studies"""
49-3022.00,52.0201,0.90,"Business Administration Major, B.S.","seeded from ""Business Administration""; CIP shared"
49-3022.00,52.0201,0.90,"Management Major, B.S.","seeded from ""Management""; CIP shared"
49-3023.00,23.1304,0.90,,"seeded from ""Communication Studies"""
49-3023.00,52.0201,0.90,"Business Administration Major, B.S.","seeded from ""Business Administration""; CIP shared"
49-3023.00,52.0201,0.90,"Management Major, B.S.","seeded from ""Management""; CIP shared"
49-3031.00,13.1001,0.93,,"seeded from ""Special Education"""
49-3041.00,15.0805,0.90,,"seeded from ""Mechanical Engineering Technology"""
49-3042.00,15.0201,0.83,,"seeded from ""Civil Engineering Technology"""
49-3042.00,15.0805,0.98,,"seeded from ""Mechanical Engineering Technology"""
49-3042.00,40.0601,0.83,,"seeded from ""Applied Geology"""
49-3042.00,52.2001,0.98,,"seeded from ""Construction Project Management"""
49-3043.00,23.1304,0.90,,"seeded from ""Communication Studies"""
49-3043.00,52.0201,0.90,"Business Administration Major, B.S.","seeded from ""Business Administration""; CIP shared"
49-3043.00,52.0201,0.90,"Management Major, B.S.","seeded from ""Management""; CIP shared"
49-3051.00,14.1001,0.98,,"seeded from ""Electrical Engineering"""
49-3051.00,15.0201,0.78,,"seeded from ""Civil Engineering Technology"""
49-3051.00,15.0613,0.78,"Advanced Manufacturing Operations Major, B.S.","seeded from ""Advanced Manufacturing Operations""; CIP shared"
49-3051.00,15.0613,0.78,"Advanced Manufacturing Sciences Major, B.S.","seeded from ""Advanced Manufacturing Sciences""; CIP shared"
49-3051.00,15.0805,0.98,,"seeded from ""Mechanical Engineering Technology"""
49-3051.00,29.0402,0.78,,"seeded from ""Aerospace Systems and Mission Design"""
49-3052.00,23.1304,0.90,,"seeded from ""Communication Studies"""
49-3052.00,52.0201,0.90,"Business Administration Major, B.S.","seeded from ""Business Administration""; CIP shared"
49-3052.00,52.0201,0.90,"Management Major, B.S.","seeded from ""Management""; CIP shared"
49-3053.00,14.1001,0.90,,"seeded from ""Electrical Engineering"""
49-3091.00,23.1304,0.90,,"seeded from ""Communication Studies"""
49-3091.00,52.0201,0.90,"Business Administration Major, B.S.","seeded from ""Business Administration""; CIP shared"
49-3091.00,52.0201,0.90,"Management Major, B.S.","seeded from ""Management""; CIP shared"
49-3092.00,14.1001,0.98,,"seeded from ""Electrical Engineering"""
49-3092.00,15.0201,0.78,,"seeded from ""Civil Engineering Technology"""
49-3092.00,15.0613,0.78,"Advanced Manufacturing Operations Major, B.S.","seeded from ""Advanced Manufacturing Operations""; CIP shared"
49-3092.00,15.0613,0.78,"Advanced Manufacturing Sciences Major, B.S.","seeded from ""Advanced Manufacturing Sciences""; CIP shared"
49-3092.00,15.0805,0.78,,"seeded from ""Mechanical Engineering Technology"""
49-3092.00,29.0402,0.78,,"seeded from ""Aerospace Systems and Mission Design"""
49-3093.00,23.1304,0.90,,"seeded from ""Communication Studies"""
49-3093.00,52.0201,0.90,"Business Administration Major, B.S.","seeded from ""Business Administration""; CIP shared"
49-3093.00,52.0201,0.90,"Management Major, B.S.","seeded from ""Management""; CIP shared"
49-9011.00,15.0613,0.65,"Advanced Manufacturing Operations Major, B.S.","seeded from ""Advanced Manufacturing Operations""; CIP shared"
49-9011.00,15.0613,0.65,"Advanced Manufacturing Sciences Major, B.S.","seeded from ""Advanced Manufacturing Sciences""; CIP shared"
49-9011.00,15.0805,0.98,,"seeded from ""Mechanical Engineering Technology"""
49-9012.00,15.0613,0.65,"Advanced Manufacturing Operations Major, B.S.","seeded from ""Advanced Manufacturing Operations""; CIP shared"
49-9012.00,15.0613,0.65,"Advanced Manufacturing Sciences Major, B.S.","seeded from ""Advanced Manufacturing Sciences""; CIP shared"
49-9012.00,15.0805,0.98,,"seeded from ""Mechanical Engineering Technology"""
49-9021.00,15.0805,0.90,,"seeded from ""Mechanical Engineering Technology"""
49-9031.00,23.1304,0.90,,"seeded from ""Communication Studies"""
49-9031.00,52.0201,0.90,"Business Administration Major, B.S.","seeded from ""Business Administration""; CIP shared"
49-9031.00,52.0201,0.90,"Management Major, B.S.","seeded from ""Management""; CIP shared"
49-9041.00,15.0613,0.86,"Advanced Manufacturing Operations Major, B.S.","seeded from ""Advanced Manufacturing Operations""; CIP shared"
49-9041.00,15.0613,0.86,"Advanced Manufacturing Sciences Major, B.S.","seeded from ""Advanced Manufacturing Sciences""; CIP shared"
49-9041.00,15.0805,0.98,,"seeded from ""Mechanical Engineering Technology"""
49-9041.00,50.0404,0.90,,"seeded from ""Industrial Design"""
49-9043.00,15.0805,0.80,,"seeded from ""Mechanical Engineering Technology"""
49-9043.00,30.7001,0.93,,"seeded from ""Data Science and Machine Learning"""
49-9043.00,44.0701,0.93,,"seeded from ""Social Work"""
49-9044.00,15.0805,0.90,,"seeded from ""Mechanical Engineering Technology"""
49-9045.00,15.0613,0.90,"Advanced Manufacturing Sciences Major, B.S.","seeded from ""Advanced Manufacturing Sciences""; CIP shared"
49-9045.00,40.0801,0.90,,"seeded from ""Physics"""
49-9051.00,14.1001,0.98,,"seeded from ""Electrical Engineering"""
49-9051.00,15.0613,0.64,"Advanced Manufacturing Operations Major, B.S.","seeded from ""Advanced Manufacturing Operations""; CIP shared"
49-9051.00,15.0613,0.64,"Advanced Manufacturing Sciences Major, B.S.","seeded from ""Advanced Manufacturing Sciences""; CIP shared"
49-9052.00,14.1001,0.90,,"seeded from ""Electrical Engineering"""
49-9052.00,40.0801,0.90,,"seeded from ""Physics"""
49-9061.00,09.0702,0.76,,"seeded from ""Media Production and Leadership"""
49-9061.00,10.0105,0.93,,"seeded from ""Video Production"""
49-9062.00,51.0701,0.72,"Aging Services Leadership Major, B.S.","seeded from ""Aging Services Leadership""; CIP shared"
49-9062.00,51.3399,0.94,,"resolved from ""Integrative Health Care"""
49-9063.00,13.1312,0.93,,"seeded from ""Music Education"""
49-9063.00,50.0901,0.93,,"seeded from ""Music"""
49-9064.00,15.0613,0.68,"Advanced Manufacturing Operations Major, B.S.","seeded from ""Advanced Manufacturing Operations""; CIP shared"
49-9064.00,15.0613,0.68,"Advanced Manufacturing Sciences Major, B.S.","seeded from ""Advanced Manufacturing Sciences""; CIP shared"
49-9064.00,15.0805,0.98,,"seeded from ""Mechanical Engineering Technology"""
49-9069.00,23.1304,0.90,,"seeded from ""Communication Studies"""
49-9069.00,52.0201,0.90,"Business Administration Major, B.S.","seeded from ""Business Administration""; CIP shared"
49-9069.00,52.0201,0.90,"Management Major, B.S.","seeded from ""Management""; CIP shared"
49-9071.00,14.1001,0.90,,"seeded from ""Electrical Engineering"""
49-9071.00,15.0805,0.98,,"seeded from ""Mechanical Engineering Technology"""
49-9071.00,52.2001,0.78,,"seeded from ""Construction Project Management"""
49-9081.00,14.1001,0.98,,"seeded from ""Electrical Engineering"""
49-9081.00,15.0201,0.78,,"seeded from ""Civil Engineering Technology"""
49-9081.00,15.0613,0.78,"Advanced Manufacturing Operations Major, B.S.","seeded from ""Advanced Manufacturing Operations""; CIP shared"
49-9081.00,15.0613,0.78,"Advanced Manufacturing Sciences Major, B.S.","seeded from ""Advanced Manufacturing Sciences""; CIP shared"
49-9081.00,15.0805,0.98,,"seeded from ""Mechanical Engineering Technology"""
49-9081.00,29.0402,0.78,,"seeded from ""Aerospace Systems and Mission Design"""
49-9091.00,09.0702,0.83,,"seeded from ""Media Production and Leadership"""
49-9091.00,10.0105,0.98,,"seeded from ""Video Production"""
49-9092.00,14.1401,0.94,,"seeded from ""Environmental Engineering"""
49-9092.00,26.0101,0.72,,"seeded from ""Biology"""
49-9092.00,40.0601,0.72,,"seeded from ""Applied Geology"""
49-9094.00,23.1304,0.90,,"seeded from ""Communication Studies"""
49-9094.00,52.0201,0.90,"Business Administration Major, B.S.","seeded from ""Business Administration""; CIP shared"
49-9094.00,52.0201,0.90,"Management Major, B.S.","seeded from ""Management""; CIP shared"
49-9095.00,52.2001,0.90,,"seeded from ""Construction Project Management"""
49-9096.00,15.0201,0.83,,"seeded from ""Civil Engineering Technology"""
49-9096.00,15.0613,0.98,"Advanced Manufacturing Operations Major, B.S.","seeded from ""Advanced Manufacturing Operations""; CIP shared"
49-9096.00,15.0613,0.98,"Advanced Manufacturing Sciences Major, B.S.","seeded from ""Advanced Manufacturing Sciences""; CIP shared"
49-9096.00,15.0805,0.83,,"seeded from ""Mechanical Engineering Technology"""
49-9096.00,52.2001,0.98,,"seeded from ""Construction Project Management"""
49-9097.00,23.1304,0.90,,"seeded from ""Communication Studies"""
49-9097.00,52.0201,0.90,"Business Administration Major, B.S.","seeded from ""Business Administration""; CIP shared"
49-9097.00,52.0201,0.90,"Management Major, B.S.","seeded from ""Management""; CIP shared"
49-9098.00,14.1001,0.86,,"seeded from ""Electrical Engineering"""
49-9098.00,15.0613,0.86,"Advanced Manufacturing Sciences Major, B.S.","seeded from ""Advanced Manufacturing Sciences""; CIP shared"
49-9098.00,15.0805,0.98,,"seeded from ""Mechanical Engineering Technology"""
49-9099.00,44.0701,0.93,,"seeded from ""Social Work"""
49-9099.01,09.0908,0.90,,"seeded from ""Technical Writing and Editing"""
49-9099.01,14.1001,0.90,,"seeded from ""Electrical Engineering"""
51-1011.00,09.0702,0.89,,"seeded from ""Media Production and Leadership"""
51-1011.00,10.0105,0.98,,"seeded from ""Video Production"""
51-1011.00,15.0613,0.82,"Advanced Manufacturing Operations Major, B.S.","seeded from ""Advanced Manufacturing Operations""; CIP shared"
51-1011.00,44.0701,0.89,,"seeded from ""Social Work"""
51-2011.00,29.0402,0.98,,"seeded from ""Aerospace Systems and Mission Design"""
51-2021.00,14.1001,0.98,,"seeded from ""Electrical Engineering"""
51-2021.00,15.0613,0.68,"Advanced Manufacturing Operations Major, B.S.","seeded from ""Advanced Manufacturing Operations""; CIP shared"
51-2021.00,15.0613,0.68,"Advanced Manufacturing Sciences Major, B.S.","seeded from ""Advanced Manufacturing Sciences""; CIP shared"
51-2022.00,14.0901,0.77,,"seeded from ""Computer Engineering"""
51-2022.00,14.1001,0.98,,"seeded from ""Electrical Engineering"""
51-2022.00,15.0613,0.77,"Advanced Manufacturing Operations Major, B.S.","seeded from ""Advanced Manufacturing Operations""; CIP shared"
51-2023.00,15.0613,0.90,"Advanced Manufacturing Operations Major, B.S.","seeded from ""Advanced Manufacturing Operations""; CIP shared"
51-2031.00,15.0201,0.78,,"seeded from ""Civil Engineering Technology"""
51-2031.00,15.0613,0.98,"Advanced Manufacturing Operations Major, B.S.","seeded from ""Advanced Manufacturing Operations""; CIP shared"
51-2031.00,15.0613,0.90,"Advanced Manufacturing Sciences Major, B.S.","seeded from ""Advanced Manufacturing Sciences""; CIP shared"
51-2031.00,15.0805,0.78,,"seeded from ""Mechanical Engineering Technology"""
51-2031.00,52.2001,0.90,,"seeded from ""Construction Project Management"""
51-2041.00,15.0201,0.90,,"seeded from ""Civil Engineering Technology"""
51-2051.00,23.1304,0.90,,"seeded from ""Communication Studies"""
51-2051.00,52.0201,0.90,"Business Administration Major, B.S.","seeded from ""Business Administration""; CIP shared"
51-2051.00,52.0201,0.90,"Management Major, B.S.","seeded from ""Management""; CIP shared"
51-2061.00,14.1001,0.98,,"seeded from ""Electrical Engineering"""
51-2061.00,15.0613,0.83,"Advanced Manufacturing Operations Major, B.S.","seeded from ""Advanced Manufacturing Operations""; CIP shared"
51-2061.00,15.0613,0.68,"Advanced Manufacturing Sciences Major, B.S.","seeded from ""Advanced Manufacturing Sciences""; CIP shared"
51-2092.00,52.0201,0.94,"Business Administration Major, B.S.","seeded from ""Business Administration""; CIP shared"
51-2092.00,52.0201,0.94,"Management Major, B.S.","seeded from ""Management""; CIP shared"
51-2092.00,52.0301,0.72,,"seeded from ""Accounting"""
51-2099.00,15.0613,0.90,"Advanced Manufacturing Operations Major, B.S.","seeded from ""Advanced Manufacturing Operations""; CIP shared"
51-3011.00,23.1304,0.90,,"seeded from ""Communication Studies"""
51-3011.00,52.0201,0.90,"Business Administration Major, B.S.","seeded from ""Business Administration""; CIP shared"
51-3011.00,52.0201,0.90,"Management Major, B.S.","seeded from ""Management""; CIP shared"
51-3021.00,23.1304,0.90,,"seeded from ""Communication Studies"""
51-3021.00,52.0201,0.90,"Business Administration Major, B.S.","seeded from ""Business Administration""; CIP shared"
51-3021.00,52.0201,0.90,"Management Major, B.S.","seeded from ""Management""; CIP shared"
51-3022.00,23.1304,0.90,,"seeded from ""Communication Studies"""
51-3022.00,52.0201,0.90,"Business Administration Major, B.S.","seeded from ""Business Administration""; CIP shared"
51-3022.00,52.0201,0.90,"Management Major, B.S.","seeded from ""Management""; CIP shared"
51-3023.00,52.0301,0.68,,"seeded from ""Accounting"""
51-3023.00,52.1401,0.98,,"seeded from ""Marketing"""
51-3023.00,52.1804,0.83,,"seeded from ""Professional Selling"""
51-3091.00,30.7001,0.98,,"seeded from ""Data Science and Machine Learning"""
51-3092.00,15.0613,0.98,"Advanced Manufacturing Operations Major, B.S.","seeded from ""Advanced Manufacturing Operations""; CIP shared"
51-3092.00,15.0613,0.98,"Advanced Manufacturing Sciences Major, B.S.","seeded from ""Advanced Manufacturing Sciences""; CIP shared"
51-3092.00,15.0805,0.83,,"seeded from ""Mechanical Engineering Technology"""
51-3093.00,30.7001,0.98,,"seeded from ""Data Science and Machine Learning"""
51-3099.00,44.0701,0.93,,"seeded from ""Social Work"""
51-4021.00,15.0201,0.72,,"seeded from ""Civil Engineering Technology"""
51-4021.00,15.0613,0.72,"Advanced Manufacturing Sciences Major, B.S.","seeded from ""Advanced Manufacturing Sciences""; CIP shared"
51-4021.00,30.7001,0.98,,"seeded from ""Data Science and Machine Learning"""
51-4022.00,30.7001,0.98,,"seeded from ""Data Science and Machine Learning"""
51-4023.00,30.7001,0.98,,"seeded from ""Data Science and Machine Learning"""
51-4031.00,30.7001,0.98,,"seeded from ""Data Science and Machine Learning"""
51-4032.00,30.7001,0.98,,"seeded from ""Data Science and Machine Learning"""
51-4032.00,44.0701,0.72,,"seeded from ""Social Work"""
51-4033.00,30.7001,0.98,,"seeded from ""Data Science and Machine Learning"""
51-4033.00,44.0701,0.72,,"seeded from ""Social Work"""
51-4034.00,15.0613,0.72,"Advanced Manufacturing Sciences Major, B.S.","seeded from ""Advanced Manufacturing Sciences""; CIP shared"
51-4034.00,30.7001,0.98,,"seeded from ""Data Science and Machine Learning"""
51-4034.00,40.0801,0.72,,"seeded from ""Physics"""
51-4035.00,30.7001,0.98,,"seeded from ""Data Science and Machine Learning"""
51-4035.00,44.0701,0.72,,"seeded from ""Social Work"""
51-4041.00,15.0613,0.98,"Advanced Manufacturing Operations Major, B.S.","seeded from ""Advanced Manufacturing Operations""; CIP shared"
51-4041.00,15.0613,0.83,"Advanced Manufacturing Sciences Major, B.S.","seeded from ""Advanced Manufacturing Sciences""; CIP shared"
51-4041.00,15.0805,0.98,,"seeded from ""Mechanical Engineering Technology"""
51-4041.00,27.0101,0.83,,"seeded from ""Mathematics"""
51-4041.00,50.0404,0.83,,"seeded from ""Industrial Design"""
51-4051.00,23.1304,0.90,,"seeded from ""Communication Studies"""
51-4051.00,52.0201,0.90,"Business Administration Major, B.S.","seeded from ""Business Administration""; CIP shared"
51-4051.00,52.0201,0.90,"Management Major, B.S.","seeded from ""Management""; CIP shared"
51-4052.00,23.1304,0.90,,"seeded from ""Communication Studies"""
51-4052.00,52.0201,0.90,"Business Administration Major, B.S.","seeded from ""Business Administration""; CIP shared"
51-4052.00,52.0201,0.90,"Management Major, B.S.","seeded from ""Management""; CIP shared"
51-4061.00,30.7001,0.71,,"seeded from ""Data Science and Machine Learning"""
51-4061.00,50.0404,0.98,,"seeded from ""Industrial Design"""
51-4062.00,30.7001,0.90,,"seeded from ""Data Science and Machine Learning"""
51-4071.00,09.0702,0.75,,"seeded from ""Media Production and Leadership"""
51-4071.00,10.0105,0.95,,"seeded from ""Video Production"""
51-4071.00,15.0613,0.75,"Advanced Manufacturing Operations Major, B.S.","seeded from ""Advanced Manufacturing Operations""; CIP shared"
51-4071.00,15.0613,0.75,"Advanced Manufacturing Sciences Major, B.S.","seeded from ""Advanced Manufacturing Sciences""; CIP shared"
51-4072.00,30.7001,0.98,,"seeded from ""Data Science and Machine Learning"""
51-4081.00,30.7001,0.98,,"seeded from ""Data Science and Machine Learning"""
51-4111.00,15.0613,0.90,"Advanced Manufacturing Operations Major, B.S.","seeded from ""Advanced Manufacturing Operations""; CIP shared"
51-4111.00,30.7001,0.90,,"seeded from ""Data Science and Machine Learning"""
51-4121.00,23.1304,0.90,,"seeded from ""Communication Studies"""
51-4121.00,52.0201,0.90,"Business Administration Major, B.S.","seeded from ""Business Administration""; CIP shared"
51-4121.00,52.0201,0.90,"Management Major, B.S.","seeded from ""Management""; CIP shared"
51-4122.00,30.7001,0.98,,"seeded from ""Data Science and Machine Learning"""
51-4191.00,30.7001,0.90,,"seeded from ""Data Science and Machine Learning"""
51-4192.00,15.0201,0.80,,"seeded from ""Civil Engineering Technology"""
51-4192.00,30.7001,0.80,,"seeded from ""Data Science and Machine Learning"""
51-4192.00,44.0701,0.93,,"seeded from ""Social Work"""
51-4193.00,30.7001,0.98,,"seeded from ""Data Science and Machine Learning"""
51-4194.00,23.1304,0.90,,"seeded from ""Communication Studies"""
51-4194.00,52.0201,0.90,"Business Administration Major, B.S.","seeded from ""Business Administration""; CIP shared"
51-4194.00,52.0201,0.90,"Management Major, B.S.","seeded from ""Management""; CIP shared"
51-4199.00,44.0701,0.93,,"seeded from ""Social Work"""
51-5111.00,44.0701,0.93,,"seeded from ""Social Work"""
51-5111.00,50.0401,0.80,,"seeded from ""Communication Design"""
51-5111.00,50.0702,0.80,,"seeded from ""Art"""
51-5112.00,30.7001,0.90,,"seeded from ""Data Science and Machine Learning"""
51-5113.00,30.7001,0.80,,"seeded from ""Data Science and Machine Learning"""
51-5113.00,44.0701,0.93,,"seeded from ""Social Work"""
51-6011.00,15.0613,0.94,"Advanced Manufacturing Operations Major, B.S.","seeded from ""Advanced Manufacturing Operations""; CIP shared"
51-6011.00,15.0613,0.94,"Advanced Manufacturing Sciences Major, B.S.","seeded from ""Advanced Manufacturing Sciences""; CIP shared"
51-6011.00,50.0404,0.94,,"seeded from ""Industrial Design"""
51-6021.00,15.0613,0.90,"Advanced Manufacturing Sciences Major, B.S.","seeded from ""Advanced Manufacturing Sciences""; CIP shared"
51-6021.00,30.7001,0.90,,"seeded from ""Data Science and Machine Learning"""
51-6021.00,40.0801,0.90,,"seeded from ""Physics"""
51-6031.00,52.0201,0.94,"Business Administration Major, B.S.","seeded from ""Business Administration""; CIP shared"
51-6031.00,52.0299,0.94,"Operations Management Major, B.S.","seeded from ""Operations Management""; CIP shared"
51-6031.00,52.0301,0.72,,"seeded from ""Accounting"""
51-6041.00,44.0701,0.93,,"seeded from ""Social Work"""
51-6042.00,30.7001,0.98,,"seeded from ""Data Science and Machine Learning"""
51-6051.00,23.1304,0.90,,"seeded from ""Communication Studies"""
51-6051.00,52.0201,0.90,"Business Administration Major, B.S.","seeded from ""Business Administration""; CIP shared"
51-6051.00,52.0201,0.90,"Management Major, B.S.","seeded from ""Management""; CIP shared"
51-6052.00,50.0404,0.94,,"seeded from ""Industrial Design"""
51-6052.00,50.0702,0.72,,"seeded from ""Art"""
51-6052.00,50.0703,0.72,,"seeded from ""Art History, Theory, and Criticism"""
51-6061.00,30.7001,0.98,,"seeded from ""Data Science and Machine Learning"""
51-6062.00,30.7001,0.98,,"seeded from ""Data Science and Machine Learning"""
51-6063.00,30.7001,0.98,,"seeded from ""Data Science and Machine Learning"""
51-6064.00,30.7001,0.98,,"seeded from ""Data Science and Machine Learning"""
51-6091.00,15.0613,0.72,"Advanced Manufacturing Sciences Major, B.S.","seeded from ""Advanced Manufacturing Sciences""; CIP shared"
51-6091.00,30.7001,0.98,,"seeded from ""Data Science and Machine Learning"""
51-6091.00,40.0801,0.72,,"seeded from ""Physics"""
51-6092.00,23.1304,0.90,,"seeded from ""Communication Studies"""
51-6092.00,52.0201,0.90,"Business Administration Major, B.S.","seeded from ""Business Administration""; CIP shared"
51-6092.00,52.0201,0.90,"Management Major, B.S.","seeded from ""Management""; CIP shared"
51-6093.00,23.1304,0.90,,"seeded from ""Communication Studies"""
51-6093.00,52.0201,0.90,"Business Administration Major, B.S.","seeded from ""Business Administration""; CIP shared"
51-6093.00,52.0201,0.90,"Management Major, B.S.","seeded from ""Management""; CIP shared"
51-6099.00,44.0701,0.93,,"seeded from ""Social Work"""
51-7011.00,14.1001,0.90,,"seeded from ""Electrical Engineering"""
51-7011.00,30.7001,0.90,,"seeded from ""Data Science and Machine Learning"""
51-7021.00,23.1304,0.90,,"seeded from ""Communication Studies"""
51-7021.00,52.0201,0.90,"Business Administration Major, B.S.","seeded from ""Business Administration""; CIP shared"
51-7021.00,52.0201,0.90,"Management Major, B.S.","seeded from ""Management""; CIP shared"
51-7031.00,50.0404,0.98,,"seeded from ""Industrial Design"""
51-7032.00,23.1304,0.90,,"seeded from ""Communication Studies"""
51-7032.00,52.0201,0.90,"Business Administration Major, B.S.","seeded from ""Business Administration""; CIP shared"
51-7032.00,52.0201,0.90,"Management Major, B.S.","seeded from ""Management""; CIP shared"
51-7041.00,11.0701,0.80,,"seeded from ""Computer Science"""
51-7041.00,11.1003,0.80,"Computer Security Major, B.S.","seeded from ""Computer Security""; CIP shared"
51-7041.00,14.0901,0.80,,"seeded from ""Computer Engineering"""
51-7041.00,30.7001,0.98,,"seeded from ""Data Science and Machine Learning"""
51-7041.00,52.1201,0.80,,"seeded from ""Computer Information Systems"""
51-7042.00,11.0701,0.80,,"seeded from ""Computer Science"""
51-7042.00,11.1003,0.80,"Computer Security Major, B.S.","seeded from ""Computer Security""; CIP shared"
51-7042.00,14.0901,0.80,,"seeded from ""Computer Engineering"""
51-7042.00,30.7001,0.98,,"seeded from ""Data Science and Machine Learning"""
51-7042.00,52.1201,0.80,,"seeded from ""Computer Information Systems"""
51-7099.00,23.1304,0.90,,"seeded from ""Communication Studies"""
51-7099.00,52.0201,0.90,"Business Administration Major, B.S.","seeded from ""Business Administration""; CIP shared"
51-7099.00,52.0201,0.90,"Management Major, B.S.","seeded from ""Management""; CIP shared"
51-8011.00,43.0104,0.72,,"seeded from ""Criminal Justice and Criminology"""
51-8011.00,43.0202,0.94,,"seeded from ""Fire and Emergency Response Administration"""
51-8011.00,54.0101,0.72,,"seeded from ""History"""
51-8012.00,14.1001,0.90,,"seeded from ""Electrical Engineering"""
51-8013.00,14.1001,0.90,,"seeded from ""Electrical Engineering"""
51-8013.00,15.0805,0.90,,"seeded from ""Mechanical Engineering Technology"""
51-8013.03,23.1304,0.90,,"seeded from ""Communication Studies"""
51-8013.03,52.0201,0.90,"Business Administration Major, B.S.","seeded from ""Business Administration""; CIP shared"
51-8013.03,52.0201,0.90,"Management Major, B.S.","seeded from ""Management""; CIP shared"
51-8013.04,23.1304,0.90,,"seeded from ""Communication Studies"""
51-8013.04,52.0201,0.90,"Business Administration Major, B.S.","seeded from ""Business Administration""; CIP shared"
51-8013.04,52.0201,0.90,"Management Major, B.S.","seeded from ""Management""; CIP shared"
51-8021.00,15.0613,0.83,"Advanced Manufacturing Operations Major, B.S.","seeded from ""Advanced Manufacturing Operations""; CIP shared"
51-8021.00,15.0613,0.83,"Advanced Manufacturing Sciences Major, B.S.","seeded from ""Advanced Manufacturing Sciences""; CIP shared"
51-8021.00,15.0805,0.98,,"seeded from ""Mechanical Engineering Technology"""
51-8021.00,50.0404,0.83,,"seeded from ""Industrial Design"""
51-8021.00,52.2001,0.83,,"seeded from ""Construction Project Management"""
51-8031.00,14.1401,0.94,,"seeded from ""Environmental Engineering"""
51-8031.00,26.0101,0.72,,"seeded from ""Biology"""
51-8031.00,40.0601,0.72,,"seeded from ""Applied Geology"""
51-8091.00,30.7001,0.90,,"seeded from ""Data Science and Machine Learning"""
51-8091.00,40.0501,0.90,,"seeded from ""Chemistry"""
51-8092.00,15.0613,0.90,"Advanced Manufacturing Sciences Major, B.S.","seeded from ""Advanced Manufacturing Sciences""; CIP shared"
51-8093.00,40.0601,0.90,,"seeded from ""Applied Geology"""
51-8099.00,23.1304,0.90,,"seeded from ""Communication Studies"""
51-8099.00,52.0201,0.90,"Business Administration Major, B.S.","seeded from ""Business Administration""; CIP shared"
51-8099.00,52.0201,0.90,"Management Major, B.S.","seeded from ""Management""; CIP shared"
51-8099.01,10.0105,0.95,,"seeded from ""Video Production"""
51-8099.01,15.0613,0.75,"Advanced Manufacturing Operations Major, B.S.","seeded from ""Advanced Manufacturing Operations""; CIP shared"
51-8099.01,15.0613,0.95,"Advanced Manufacturing Sciences Major, B.S.","seeded from ""Advanced Manufacturing Sciences""; CIP shared"
51-8099.01,52.0299,0.75,"Brewery Operations Major, B.S.","seeded from ""Brewery Operations""; CIP shared"
51-8099.01,54.0101,0.75,,"seeded from ""History"""
51-9011.00,15.0613,0.94,"Advanced Manufacturing Operations Major, B.S.","seeded from ""Advanced Manufacturing Operations""; CIP shared"
51-9011.00,15.0613,0.94,"Advanced Manufacturing Sciences Major, B.S.","seeded from ""Advanced Manufacturing Sciences""; CIP shared"
51-9011.00,50.0404,0.94,,"seeded from ""Industrial Design"""
51-9012.00,15.0613,0.72,"Advanced Manufacturing Sciences Major, B.S.","seeded from ""Advanced Manufacturing Sciences""; CIP shared"
51-9012.00,30.7001,0.98,,"seeded from ""Data Science and Machine Learning"""
51-9012.00,40.0801,0.72,,"seeded from ""Physics"""
51-9021.00,15.0613,0.72,"Advanced Manufacturing Sciences Major, B.S.","seeded from ""Advanced Manufacturing Sciences""; CIP shared"
51-9021.00,30.7001,0.98,,"seeded from ""Data Science and Machine Learning"""
51-9021.00,40.0801,0.72,,"seeded from ""Physics"""
51-9022.00,14.1001,0.80,,"seeded from ""Electrical Engineering"""
51-9022.00,44.0701,0.93,,"seeded from ""Social Work"""
51-9023.00,15.0613,0.72,"Advanced Manufacturing Sciences Major, B.S.","seeded from ""Advanced Manufacturing Sciences""; CIP shared"
51-9023.00,30.7001,0.98,,"seeded from ""Data Science and Machine Learning"""
51-9023.00,40.0501,0.72,,"seeded from ""Chemistry"""
51-9031.00,14.1001,0.90,,"seeded from ""Electrical Engineering"""
51-9032.00,15.0613,0.72,"Advanced Manufacturing Sciences Major, B.S.","seeded from ""Advanced Manufacturing Sciences""; CIP shared"
51-9032.00,30.7001,0.98,,"seeded from ""Data Science and Machine Learning"""
51-9032.00,40.0801,0.72,,"seeded from ""Physics"""
51-9041.00,30.7001,0.98,,"seeded from ""Data Science and Machine Learning"""
51-9051.00,15.0613,0.90,"Advanced Manufacturing Sciences Major, B.S.","seeded from ""Advanced Manufacturing Sciences""; CIP shared"
51-9051.00,40.0801,0.90,,"seeded from ""Physics"""
51-9061.00,15.0613,0.90,"Advanced Manufacturing Sciences Major, B.S.","seeded from ""Advanced Manufacturing Sciences""; CIP shared"
51-9061.00,40.0801,0.90,,"seeded from ""Physics"""
51-9071.00,50.0404,0.94,,"seeded from ""Industrial Design"""
51-9071.00,50.0702,0.72,,"seeded from ""Art"""
51-9071.00,50.0703,0.72,,"seeded from ""Art History, Theory, and Criticism"""
51-9071.06,15.0613,0.83,"Advanced Manufacturing Operations Major, B.S.","seeded from ""Advanced Manufacturing Operations""; CIP shared"
51-9071.06,15.0613,0.98,"Advanced Manufacturing Sciences Major, B.S.","seeded from ""Advanced Manufacturing Sciences""; CIP shared"
51-9071.06,50.0404,0.83,,"seeded from ""Industrial Design"""
51-9081.00,26.0101,0.94,,"seeded from ""Biology"""
51-9081.00,30.1901,0.94,"Nutrition Science Major, B.S.","seeded from ""Nutrition Science""; CIP shared"
51-9081.00,40.0501,0.94,,"seeded from ""Chemistry"""
51-9082.00,51.0701,0.72,"Aging Services Leadership Major, B.S.","seeded from ""Aging Services Leadership""; CIP shared"
51-9082.00,51.3399,0.94,,"resolved from ""Integrative Health Care"""
51-9083.00,26.0101,0.94,,"seeded from ""Biology"""
51-9083.00,30.1901,0.94,"Nutrition Science Major, B.S.","seeded from ""Nutrition Science""; CIP shared"
51-9083.00,40.0501,0.94,,"seeded from ""Chemistry"""
51-9111.00,15.0613,0.94,"Advanced Manufacturing Operations Major, B.S.","seeded from ""Advanced Manufacturing Operations""; CIP shared"
51-9111.00,15.0613,0.94,"Advanced Manufacturing Sciences Major, B.S.","seeded from ""Advanced Manufacturing Sciences""; CIP shared"
51-9111.00,50.0404,0.94,,"seeded from ""Industrial Design"""
51-9123.00,44.0701,0.93,,"seeded from ""Social Work"""
51-9124.00,15.0613,0.72,"Advanced Manufacturing Sciences Major, B.S.","seeded from ""Advanced Manufacturing Sciences""; CIP shared"
51-9124.00,30.7001,0.98,,"seeded from ""Data Science and Machine Learning"""
51-9124.00,50.0702,0.72,,"seeded from ""Art"""
51-9141.00,13.1001,0.90,,"seeded from ""Special Education"""
51-9141.00,40.0501,0.90,,"seeded from ""Chemistry"""
51-9151.00,09.0402,0.83,,"seeded from ""Broadcast Journalism"""
51-9151.00,09.0702,0.98,,"seeded from ""Media Production and Leadership"""
51-9151.00,09.0908,0.83,,"seeded from ""Technical Writing and Editing"""
51-9151.00,10.0105,0.83,,"seeded from ""Video Production"""
51-9161.00,11.0701,0.98,,"seeded from ""Computer Science"""
51-9161.00,11.1003,0.98,"Computer Security Major, B.S.","seeded from ""Computer Security""; CIP shared"
51-9161.00,14.0901,0.98,,"seeded from ""Computer Engineering"""
51-9161.00,30.7001,0.80,,"seeded from ""Data Science and Machine Learning"""
51-9161.00,52.1201,0.98,,"seeded from ""Computer Information Systems"""
51-9162.00,11.0701,0.98,,"seeded from ""Computer Science"""
51-9162.00,11.1003,0.91,"Computer Security Major, B.S.","seeded from ""Computer Security""; CIP shared"
51-9162.00,14.0901,0.91,,"seeded from ""Computer Engineering"""
51-9162.00,52.1201,0.91,,"seeded from ""Computer Information Systems"""
51-9191.00,15.0613,0.72,"Advanced Manufacturing Sciences Major, B.S.","seeded from ""Advanced Manufacturing Sciences""; CIP shared"
51-9191.00,30.7001,0.98,,"seeded from ""Data Science and Machine Learning"""
51-9191.00,40.0801,0.72,,"seeded from ""Physics"""
51-9192.00,30.7001,0.90,,"seeded from ""Data Science and Machine Learning"""
51-9193.00,40.0501,0.90,,"seeded from ""Chemistry"""
51-9194.00,15.0613,0.90,"Advanced Manufacturing Sciences Major, B.S.","seeded from ""Advanced Manufacturing Sciences""; CIP shared"
51-9194.00,40.0801,0.90,,"seeded from ""Physics"""
51-9195.00,15.0613,0.90,"Advanced Manufacturing Sciences Major, B.S.","seeded from ""Advanced Manufacturing Sciences""; CIP shared"
51-9195.00,40.0801,0.90,,"seeded from ""Physics"""
51-9195.03,15.0613,0.98,"Advanced Manufacturing Operations Major, B.S.","seeded from ""Advanced Manufacturing Operations""; CIP shared"
51-9195.03,15.0613,0.98,"Advanced Manufacturing Sciences Major, B.S.","seeded from ""Advanced Manufacturing Sciences""; CIP shared"
51-9195.03,15.0805,0.77,,"seeded from ""Mechanical Engineering Technology"""
51-9195.04,23.1304,0.90,,"seeded from ""Communication Studies"""
51-9195.04,52.0201,0.90,"Business Administration Major, B.S.","seeded from ""Business Administration""; CIP shared"
51-9195.04,52.0201,0.90,"Management Major, B.S.","seeded from ""Management""; CIP shared"
51-9195.05,15.0613,0.93,"Advanced Manufacturing Operations Major, B.S.","seeded from ""Advanced Manufacturing Operations""; CIP shared"
51-9195.05,15.0613,0.98,"Advanced Manufacturing Sciences Major, B.S.","seeded from ""Advanced Manufacturing Sciences""; CIP shared"
51-9195.05,15.0805,0.73,,"seeded from ""Mechanical Engineering Technology"""
51-9196.00,30.7001,0.98,,"seeded from ""Data Science and Machine Learning"""
51-9197.00,30.7001,0.90,,"seeded from ""Data Science and Machine Learning"""
51-9198.00,09.0702,0.89,,"seeded from ""Media Production and Leadership"""
51-9198.00,10.0105,0.98,,"seeded from ""Video Production"""
51-9198.00,15.0613,0.82,"Advanced Manufacturing Sciences Major, B.S.","seeded from ""Advanced Manufacturing Sciences""; CIP shared"
51-9198.00,44.0701,0.89,,"seeded from ""Social Work"""
51-9199.00,09.0702,0.89,,"seeded from ""Media Production and Leadership"""
51-9199.00,10.0105,0.98,,"seeded from ""Video Production"""
53-1041.00,29.0402,0.98,,"seeded from ""Aerospace Systems and Mission Design"""
53-1041.00,43.0202,0.83,,"seeded from ""Fire and Emergency Response Administration"""
53-1042.00,52.0201,0.90,"Management Major, B.S.","seeded from ""Management""; CIP shared"
53-1042.01,45.1001,0.90,,"seeded from ""Political Science"""
53-1043.00,30.7001,0.98,,"seeded from ""Data Science and Machine Learning"""
53-1043.00,52.0201,0.72,"Management Major, B.S.","seeded from ""Management""; CIP shared"
53-1044.00,52.0201,0.90,"Management Major, B.S.","seeded from ""Management""; CIP shared"
53-1049.00,44.0701,0.93,,"seeded from ""Social Work"""
53-1049.00,52.0201,0.80,"Management Major, B.S.","seeded from ""Management""; CIP shared"
53-2011.00,29.0402,0.86,,"seeded from ""Aerospace Systems and Mission Design"""
53-2012.00,29.0402,0.86,,"seeded from ""Aerospace Systems and Mission Design"""
53-2021.00,29.0402,0.74,,"seeded from ""Aerospace Systems and Mission Design"""
53-2022.00,29.0402,0.98,,"seeded from ""Aerospace Systems and Mission Design"""
53-2022.00,52.0201,0.96,"Business Administration Major, B.S.","seeded from ""Business Administration""; CIP shared"
53-2022.00,52.0299,0.83,"Operations Management Major, B.S.","seeded from ""Operations Management""; CIP shared"
53-2031.00,29.0402,0.90,,"seeded from ""Aerospace Systems and Mission Design"""
53-2031.00,43.0202,0.78,,"seeded from ""Fire and Emergency Response Administration"""
53-3011.00,42.2799,0.78,,"seeded from ""Psychology Major"""
53-3011.00,43.0202,0.98,,"seeded from ""Fire and Emergency Response Administration"""
53-3011.00,44.0000,0.78,,"seeded from ""Human Services"""
53-3011.00,51.2201,0.78,,"seeded from ""Public Health"""
53-3011.00,51.3399,0.93,,"resolved from ""Integrative Health Care"""
53-3031.00,52.0201,0.81,"Business Administration Major, B.S.","seeded from ""Business Administration""; CIP shared"
53-3031.00,52.0901,0.98,,"seeded from ""Hospitality Leadership"""
53-3031.00,52.0904,0.81,,"seeded from ""Hotel Management"""
53-3031.00,52.0907,0.81,,"seeded from ""Event and Meeting Management"""
53-3031.00,52.1401,0.98,,"seeded from ""Marketing"""
53-3031.00,52.1804,0.85,,"seeded from ""Professional Selling"""
53-3032.00,23.1304,0.90,,"seeded from ""Communication Studies"""
53-3032.00,52.0201,0.90,"Business Administration Major, B.S.","seeded from ""Business Administration""; CIP shared"
53-3032.00,52.0201,0.90,"Management Major, B.S.","seeded from ""Management""; CIP shared"
53-3033.00,23.1304,0.90,,"seeded from ""Communication Studies"""
53-3033.00,52.0201,0.90,"Business Administration Major, B.S.","seeded from ""Business Administration""; CIP shared"
53-3033.00,52.0201,0.90,"Management Major, B.S.","seeded from ""Management""; CIP shared"
53-3051.00,13.0501,0.89,,"seeded from ""Instructional Design and Technology"""
53-3051.00,13.1210,0.89,,"seeded from ""Early Childhood Education"""
53-3051.00,13.1302,0.89,,"seeded from ""Art Education"""
53-3051.00,23.0101,0.89,,"seeded from ""English"""
53-3051.00,23.1304,0.89,,"seeded from ""Communication Studies"""
53-3052.00,31.0504,0.94,,"seeded from ""Sport Management"""
53-3052.00,52.0201,0.94,"Business Administration Major, B.S.","seeded from ""Business Administration""; CIP shared"
53-3052.00,52.0299,0.94,"Operations Management Major, B.S.","seeded from ""Operations Management""; CIP shared"
53-3053.00,51.0701,0.72,"Aging Services Leadership Major, B.S.","seeded from ""Aging Services Leadership""; CIP shared"
53-3053.00,51.3399,0.94,,"resolved from ""Integrative Health Care"""
53-3054.00,52.0201,0.70,"Business Administration Major, B.S.","seeded from ""Business Administration""; CIP shared"
53-3054.00,52.0301,0.98,,"seeded from ""Accounting"""
53-3054.00,52.0801,0.75,,"seeded from ""Finance"""
53-3099.00,23.1304,0.90,,"seeded from ""Communication Studies"""
53-3099.00,52.0201,0.90,"Business Administration Major, B.S.","seeded from ""Business Administration""; CIP shared"
53-3099.00,52.0201,0.90,"Management Major, B.S.","seeded from ""Management""; CIP shared"
53-4011.00,23.1304,0.90,,"seeded from ""Communication Studies"""
53-4011.00,52.0201,0.90,"Business Administration Major, B.S.","seeded from ""Business Administration""; CIP shared"
53-4011.00,52.0201,0.90,"Management Major, B.S.","seeded from ""Management""; CIP shared"
53-4013.00,15.0201,0.83,,"seeded from ""Civil Engineering Technology"""
53-4013.00,15.0613,0.83,"Advanced Manufacturing Operations Major, B.S.","seeded from ""Advanced Manufacturing Operations""; CIP shared"
53-4013.00,15.0613,0.83,"Advanced Manufacturing Sciences Major, B.S.","seeded from ""Advanced Manufacturing Sciences""; CIP shared"
53-4013.00,50.0404,0.83,,"seeded from ""Industrial Design"""
53-4013.00,52.2001,0.98,,"seeded from ""Construction Project Management"""
53-4022.00,43.0202,0.93,,"seeded from ""Fire and Emergency Response Administration"""
53-4031.00,15.0613,0.98,"Advanced Manufacturing Operations Major, B.S.","seeded from ""Advanced Manufacturing Operations""; CIP shared"
53-4031.00,15.0613,0.83,"Advanced Manufacturing Sciences Major, B.S.","seeded from ""Advanced Manufacturing Sciences""; CIP shared"
53-4031.00,50.0404,0.83,,"seeded from ""Industrial Design"""
53-4031.00,52.0201,0.83,"Business Administration Major, B.S.","seeded from ""Business Administration""; CIP shared"
53-4031.00,52.0299,0.83,"Operations Management Major, B.S.","seeded from ""Operations Management""; CIP shared"
53-4041.00,23.1304,0.90,,"seeded from ""Communication Studies"""
53-4041.00,52.0201,0.90,"Business Administration Major, B.S.","seeded from ""Business Administration""; CIP shared"
53-4041.00,52.0201,0.90,"Management Major, B.S.","seeded from ""Management""; CIP shared"
53-4099.00,44.0701,0.93,,"seeded from ""Social Work"""
53-5011.00,14.1401,0.94,,"seeded from ""Environmental Engineering"""
53-5011.00,43.0202,0.94,,"seeded from ""Fire and Emergency Response Administration"""
53-5011.00,45.1001,0.94,,"seeded from ""Political Science"""
53-5011.00,51.2201,0.90,,"seeded from ""Public Health"""
53-5021.00,14.1401,0.94,,"seeded from ""Environmental Engineering"""
53-5021.00,52.0201,0.94,"Business Administration Major, B.S.","seeded from ""Business Administration""; CIP shared"
53-5021.00,52.0299,0.94,"Operations Management Major, B.S.","seeded from ""Operations Management""; CIP shared"
53-5022.00,23.1304,0.90,,"seeded from ""Communication Studies"""
53-5022.00,52.0201,0.90,"Business Administration Major, B.S.","seeded from ""Business Administration""; CIP shared"
53-5022.00,52.0201,0.90,"Management Major, B.S.","seeded from ""Management""; CIP shared"
53-5031.00,14.1001,0.98,,"seeded from ""Electrical Engineering"""
53-5031.00,15.0613,0.68,"Advanced Manufacturing Operations Major, B.S.","seeded from ""Advanced Manufacturing Operations""; CIP shared"
53-5031.00,15.0805,0.83,,"seeded from ""Mechanical Engineering Technology"""
53-6011.00,52.0201,0.94,"Business Administration Major, B.S.","seeded from ""Business Administration""; CIP shared"
53-6011.00,52.0299,0.94,"Operations Management Major, B.S.","seeded from ""Operations Management""; CIP shared"
53-6011.00,52.0301,0.72,,"seeded from ""Accounting"""
53-6021.00,23.1304,0.90,,"seeded from ""Communication Studies"""
53-6021.00,52.0201,0.90,"Business Administration Major, B.S.","seeded from ""Business Administration""; CIP shared"
53-6021.00,52.0201,0.90,"Management Major, B.S.","seeded from ""Management""; CIP shared"
53-6031.00,23.1304,0.90,,"seeded from ""Communication Studies"""
53-6031.00,52.0201,0.90,"Business Administration Major, B.S.","seeded from ""Business Administration""; CIP shared"
53-6031.00,52.0201,0.90,"Management Major, B.S.","seeded from ""Management""; CIP shared"
53-6032.00,14.1401,0.94,,"seeded from ""Environmental Engineering"""
53-6032.00,29.0402,0.94,,"seeded from ""Aerospace Systems and Mission Design"""
53-6041.00,14.0901,0.89,,"seeded from ""Computer Engineering"""
53-6041.00,15.0201,0.89,,"seeded from ""Civil Engineering Technology"""
53-6041.00,15.0613,0.89,"Advanced Manufacturing Operations Major, B.S.","seeded from ""Advanced Manufacturing Operations""; CIP shared"
53-6041.00,15.0613,0.89,"Advanced Manufacturing Sciences Major, B.S.","seeded from ""Advanced Manufacturing Sciences""; CIP shared"
53-6041.00,29.0402,0.89,,"seeded from ""Aerospace Systems and Mission Design"""
53-6041.00,40.0601,0.89,,"seeded from ""Applied Geology"""
53-6051.00,23.1304,0.90,,"seeded from ""Communication Studies"""
53-6051.00,52.0201,0.90,"Business Administration Major, B.S.","seeded from ""Business Administration""; CIP shared"
53-6051.00,52.0201,0.90,"Management Major, B.S.","seeded from ""Management""; CIP shared"
53-6051.01,29.0402,0.71,,"seeded from ""Aerospace Systems and Mission Design"""
53-6051.07,29.0402,0.65,,"seeded from ""Aerospace Systems and Mission Design"""
53-6061.00,52.0201,0.72,"Business Administration Major, B.S.","seeded from ""Business Administration""; CIP shared"
53-6061.00,52.0299,0.94,"Brewery Operations Major, B.S.","seeded from ""Brewery Operations""; CIP shared"
53-6061.00,52.0907,0.72,,"seeded from ""Event and Meeting Management"""
53-6099.00,44.0701,0.93,,"seeded from ""Social Work"""
53-7011.00,15.0613,0.90,"Advanced Manufacturing Sciences Major, B.S.","seeded from ""Advanced Manufacturing Sciences""; CIP shared"
53-7011.00,40.0801,0.90,,"seeded from ""Physics"""
53-7021.00,15.0613,0.83,"Advanced Manufacturing Sciences Major, B.S.","seeded from ""Advanced Manufacturing Sciences""; CIP shared"
53-7021.00,15.0805,0.98,,"seeded from ""Mechanical Engineering Technology"""
53-7021.00,40.0801,0.83,,"seeded from ""Physics"""
53-7031.00,15.0613,0.90,"Advanced Manufacturing Sciences Major, B.S.","seeded from ""Advanced Manufacturing Sciences""; CIP shared"
53-7031.00,40.0801,0.90,,"seeded from ""Physics"""
53-7041.00,14.1001,0.90,,"seeded from ""Electrical Engineering"""
53-7051.00,15.0201,0.80,,"seeded from ""Civil Engineering Technology"""
53-7051.00,15.0613,0.93,"Advanced Manufacturing Operations Major, B.S.","seeded from ""Advanced Manufacturing Operations""; CIP shared"
53-7051.00,15.0613,0.93,"Advanced Manufacturing Sciences Major, B.S.","seeded from ""Advanced Manufacturing Sciences""; CIP shared"
53-7051.00,40.0801,0.80,,"seeded from ""Physics"""
53-7051.00,50.0404,0.98,,"seeded from ""Industrial Design"""
53-7051.00,52.2001,0.93,,"seeded from ""Construction Project Management"""
53-7061.00,14.1401,0.94,,"seeded from ""Environmental Engineering"""
53-7061.00,26.0101,0.72,,"seeded from ""Biology"""
53-7061.00,40.0601,0.72,,"seeded from ""Applied Geology"""
53-7062.00,15.0613,0.90,"Advanced Manufacturing Sciences Major, B.S.","seeded from ""Advanced Manufacturing Sciences""; CIP shared"
53-7062.00,40.0801,0.90,,"seeded from ""Physics"""
53-7062.04,15.0613,0.80,"Advanced Manufacturing Sciences Major, B.S.","seeded from ""Advanced Manufacturing Sciences""; CIP shared"
53-7062.04,40.0801,0.80,,"seeded from ""Physics"""
53-7062.04,44.0701,0.93,,"seeded from ""Social Work"""
53-7063.00,15.0613,0.72,"Advanced Manufacturing Sciences Major, B.S.","seeded from ""Advanced Manufacturing Sciences""; CIP shared"
53-7063.00,30.7001,0.98,,"seeded from ""Data Science and Machine Learning"""
53-7063.00,40.0801,0.72,,"seeded from ""Physics"""
53-7064.00,15.0613,0.90,"Advanced Manufacturing Sciences Major, B.S.","seeded from ""Advanced Manufacturing Sciences""; CIP shared"
53-7064.00,40.0801,0.90,,"seeded from ""Physics"""
53-7065.00,52.0301,0.72,,"seeded from ""Accounting"""
53-7065.00,52.1401,0.94,,"seeded from ""Marketing"""
53-7065.00,52.1804,0.94,,"seeded from ""Professional Selling"""
53-7071.00,23.1304,0.90,,"seeded from ""Communication Studies"""
53-7071.00,52.0201,0.90,"Business Administration Major, B.S.","seeded from ""Business Administration""; CIP shared"
53-7071.00,52.0201,0.90,"Management Major, B.S.","seeded from ""Management""; CIP shared"
53-7072.00,14.1001,0.90,,"seeded from ""Electrical Engineering"""
53-7072.00,15.0613,0.90,"Advanced Manufacturing Sciences Major, B.S.","seeded from ""Advanced Manufacturing Sciences""; CIP shared"
53-7072.00,40.0801,0.90,,"seeded from ""Physics"""
53-7073.00,14.1001,0.90,,"seeded from ""Electrical Engineering"""
53-7081.00,15.0613,0.90,"Advanced Manufacturing Sciences Major, B.S.","seeded from ""Advanced Manufacturing Sciences""; CIP shared"
53-7081.00,40.0801,0.90,,"seeded from ""Physics"""
53-7121.00,40.0501,0.90,,"seeded from ""Chemistry"""
53-7199.00,44.0701,0.93,,"seeded from ""Social Work"""
55-1011.00,29.0402,0.98,,"seeded from ""Aerospace Systems and Mission Design"""
55-1012.00,14.1001,0.98,,"seeded from ""Electrical Engineering"""
55-1012.00,15.0805,0.93,,"seeded from ""Mechanical Engineering Technology"""
55-1012.00,29.0402,0.86,,"seeded from ""Aerospace Systems and Mission Design"""
55-1012.00,50.0404,0.86,,"seeded from ""Industrial Design"""
55-1012.00,52.0201,0.86,"Business Administration Major, B.S.","seeded from ""Business Administration""; CIP shared"
55-1013.00,09.0401,0.75,,"seeded from ""Journalism"""
55-1013.00,09.0900,0.75,,"seeded from ""Public Relations"""
55-1013.00,15.0613,0.75,"Advanced Manufacturing Operations Major, B.S.","seeded from ""Advanced Manufacturing Operations""; CIP shared"
55-1013.00,15.0613,0.75,"Advanced Manufacturing Sciences Major, B.S.","seeded from ""Advanced Manufacturing Sciences""; CIP shared"
55-1013.00,23.1304,0.95,,"seeded from ""Communication Studies"""
55-1013.00,50.0401,0.75,,"seeded from ""Communication Design"""
55-1014.00,29.0402,0.83,,"seeded from ""Aerospace Systems and Mission Design"""
55-1014.00,43.0104,0.83,,"seeded from ""Criminal Justice and Criminology"""
55-1014.00,43.0202,0.98,,"seeded from ""Fire and Emergency Response Administration"""
55-1014.00,52.0201,0.96,"Business Administration Major, B.S.","seeded from ""Business Administration""; CIP shared"
55-1014.00,52.0299,0.83,"Operations Management Major, B.S.","seeded from ""Operations Management""; CIP shared"
55-1015.00,43.0202,0.98,,"seeded from ""Fire and Emergency Response Administration"""
55-1015.00,52.0201,0.72,"Business Administration Major, B.S.","seeded from ""Business Administration""; CIP shared"
55-1015.00,52.1201,0.81,,"seeded from ""Computer Information Systems"""
55-1016.00,15.0201,0.83,,"seeded from ""Civil Engineering Technology"""
55-1016.00,15.0613,0.83,"Advanced Manufacturing Operations Major, B.S.","seeded from ""Advanced Manufacturing Operations""; CIP shared"
55-1016.00,52.0201,0.83,"Business Administration Major, B.S.","seeded from ""Business Administration""; CIP shared"
55-1016.00,52.0299,0.83,"Operations Management Major, B.S.","seeded from ""Operations Management""; CIP shared"
55-1016.00,52.2001,0.98,,"seeded from ""Construction Project Management"""
55-1017.00,43.0202,0.94,,"seeded from ""Fire and Emergency Response Administration"""
55-1017.00,52.0201,0.94,"Business Administration Major, B.S.","seeded from ""Business Administration""; CIP shared"
55-1017.00,52.0201,0.94,"International Business Major, B.S.","seeded from ""International Business""; CIP shared"
55-1017.00,52.0299,0.94,"Operations Management Major, B.S.","seeded from ""Operations Management""; CIP shared"
55-1017.00,52.1399,0.94,,"seeded from ""Business Intelligence"""
55-1019.00,52.0201,0.94,"Business Administration Major, B.S.","seeded from ""Business Administration""; CIP shared"
55-1019.00,52.0299,0.94,"Operations Management Major, B.S.","seeded from ""Operations Management""; CIP shared"
55-1019.00,52.0301,0.72,,"seeded from ""Accounting"""
55-2011.00,52.0201,0.90,"Management Major, B.S.","seeded from ""Management""; CIP shared"
55-2012.00,13.1001,0.93,,"seeded from ""Special Education"""
55-2012.00,52.0201,0.80,"Management Major, B.S.","seeded from ""Management""; CIP shared"
55-2013.00,52.0201,0.94,"Business Administration Major, B.S.","seeded from ""Business Administration""; CIP shared"
55-2013.00,52.0201,0.94,"Management Major, B.S.","seeded from ""Management""; CIP shared"
55-2013.00,52.0299,0.94,"Operations Management Major, B.S.","seeded from ""Operations Management""; CIP shared"
55-3011.00,29.0402,0.98,,"seeded from ""Aerospace Systems and Mission Design"""
55-3011.00,43.0202,0.73,,"seeded from ""Fire and Emergency Response Administration"""
55-3012.00,14.1001,0.98,,"seeded from ""Electrical Engineering"""
55-3012.00,15.0805,0.93,,"seeded from ""Mechanical Engineering Technology"""
55-3012.00,29.0402,0.86,,"seeded from ""Aerospace Systems and Mission Design"""
55-3012.00,52.0201,0.86,"Business Administration Major, B.S.","seeded from ""Business Administration""; CIP shared"
55-3013.00,15.0613,0.70,"Advanced Manufacturing Operations Major, B.S.","seeded from ""Advanced Manufacturing Operations""; CIP shared"
55-3013.00,15.0613,0.70,"Advanced Manufacturing Sciences Major, B.S.","seeded from ""Advanced Manufacturing Sciences""; CIP shared"
55-3013.00,23.1304,0.98,,"seeded from ""Communication Studies"""
55-3014.00,14.0901,0.83,,"seeded from ""Computer Engineering"""
55-3014.00,29.0402,0.83,,"seeded from ""Aerospace Systems and Mission Design"""
55-3014.00,43.0202,0.98,,"seeded from ""Fire and Emergency Response Administration"""
55-3014.00,52.0201,0.96,"Business Administration Major, B.S.","seeded from ""Business Administration""; CIP shared"
55-3014.00,52.1201,0.83,,"seeded from ""Computer Information Systems"""
55-3015.00,11.0701,0.83,,"seeded from ""Computer Science"""
55-3015.00,11.1003,0.83,"Computer Security Major, B.S.","seeded from ""Computer Security""; CIP shared"
55-3015.00,14.0901,0.83,,"seeded from ""Computer Engineering"""
55-3015.00,43.0202,0.98,,"seeded from ""Fire and Emergency Response Administration"""
55-3015.00,52.0201,0.83,"Business Administration Major, B.S.","seeded from ""Business Administration""; CIP shared"
55-3015.00,52.1201,0.98,,"seeded from ""Computer Information Systems"""
55-3016.00,43.0202,0.98,,"seeded from ""Fire and Emergency Response Administration"""
55-3016.00,52.0201,0.83,"Business Administration Major, B.S.","seeded from ""Business Administration""; CIP shared"
55-3016.00,52.0299,0.83,"Operations Management Major, B.S.","seeded from ""Operations Management""; CIP shared"
55-3018.00,43.0202,0.94,,"seeded from ""Fire and Emergency Response Administration"""
55-3018.00,52.0201,0.94,"Business Administration Major, B.S.","seeded from ""Business Administration""; CIP shared"
55-3018.00,52.0201,0.94,"International Business Major, B.S.","seeded from ""International Business""; CIP shared"
55-3018.00,52.0299,0.94,"Operations Management Major, B.S.","seeded from ""Operations Management""; CIP shared"
55-3018.00,52.1399,0.94,,"seeded from ""Business Intelligence"""
55-3019.00,52.0201,0.94,"Business Administration Major, B.S.","seeded from ""Business Administration""; CIP shared"
55-3019.00,52.0299,0.94,"Operations Management Major, B.S.","seeded from ""Operations Management""; CIP shared"
55-3019.00,52.0301,0.72,,"seeded from ""Accounting"""
